--
-- PostgreSQL database dump
--

-- Dumped from database version 16.4 (Debian 16.4-1.pgdg120+1)
-- Dumped by pg_dump version 16.4 (Debian 16.4-1.pgdg120+1)

SET statement_timeout = 0;
SET lock_timeout = 0;
SET idle_in_transaction_session_timeout = 0;
SET client_encoding = 'UTF8';
SET standard_conforming_strings = on;
SELECT pg_catalog.set_config('search_path', '', false);
SET check_function_bodies = false;
SET xmloption = content;
SET client_min_messages = warning;
SET row_security = off;

SET default_tablespace = '';

SET default_table_access_method = heap;

--
-- Name: account_emailaddress; Type: TABLE; Schema: public; Owner: debug
--

CREATE TABLE public.account_emailaddress (
    id integer NOT NULL,
    email character varying(254) NOT NULL,
    verified boolean NOT NULL,
    "primary" boolean NOT NULL,
    user_id bigint NOT NULL
);


ALTER TABLE public.account_emailaddress OWNER TO debug;

--
-- Name: account_emailaddress_id_seq; Type: SEQUENCE; Schema: public; Owner: debug
--

ALTER TABLE public.account_emailaddress ALTER COLUMN id ADD GENERATED BY DEFAULT AS IDENTITY (
    SEQUENCE NAME public.account_emailaddress_id_seq
    START WITH 1
    INCREMENT BY 1
    NO MINVALUE
    NO MAXVALUE
    CACHE 1
);


--
-- Name: account_emailconfirmation; Type: TABLE; Schema: public; Owner: debug
--

CREATE TABLE public.account_emailconfirmation (
    id integer NOT NULL,
    created timestamp with time zone NOT NULL,
    sent timestamp with time zone,
    key character varying(64) NOT NULL,
    email_address_id integer NOT NULL
);


ALTER TABLE public.account_emailconfirmation OWNER TO debug;

--
-- Name: account_emailconfirmation_id_seq; Type: SEQUENCE; Schema: public; Owner: debug
--

ALTER TABLE public.account_emailconfirmation ALTER COLUMN id ADD GENERATED BY DEFAULT AS IDENTITY (
    SEQUENCE NAME public.account_emailconfirmation_id_seq
    START WITH 1
    INCREMENT BY 1
    NO MINVALUE
    NO MAXVALUE
    CACHE 1
);


--
-- Name: auth_group; Type: TABLE; Schema: public; Owner: debug
--

CREATE TABLE public.auth_group (
    id integer NOT NULL,
    name character varying(150) NOT NULL
);


ALTER TABLE public.auth_group OWNER TO debug;

--
-- Name: auth_group_id_seq; Type: SEQUENCE; Schema: public; Owner: debug
--

ALTER TABLE public.auth_group ALTER COLUMN id ADD GENERATED BY DEFAULT AS IDENTITY (
    SEQUENCE NAME public.auth_group_id_seq
    START WITH 1
    INCREMENT BY 1
    NO MINVALUE
    NO MAXVALUE
    CACHE 1
);


--
-- Name: auth_group_permissions; Type: TABLE; Schema: public; Owner: debug
--

CREATE TABLE public.auth_group_permissions (
    id bigint NOT NULL,
    group_id integer NOT NULL,
    permission_id integer NOT NULL
);


ALTER TABLE public.auth_group_permissions OWNER TO debug;

--
-- Name: auth_group_permissions_id_seq; Type: SEQUENCE; Schema: public; Owner: debug
--

ALTER TABLE public.auth_group_permissions ALTER COLUMN id ADD GENERATED BY DEFAULT AS IDENTITY (
    SEQUENCE NAME public.auth_group_permissions_id_seq
    START WITH 1
    INCREMENT BY 1
    NO MINVALUE
    NO MAXVALUE
    CACHE 1
);


--
-- Name: auth_permission; Type: TABLE; Schema: public; Owner: debug
--

CREATE TABLE public.auth_permission (
    id integer NOT NULL,
    name character varying(255) NOT NULL,
    content_type_id integer NOT NULL,
    codename character varying(100) NOT NULL
);


ALTER TABLE public.auth_permission OWNER TO debug;

--
-- Name: auth_permission_id_seq; Type: SEQUENCE; Schema: public; Owner: debug
--

ALTER TABLE public.auth_permission ALTER COLUMN id ADD GENERATED BY DEFAULT AS IDENTITY (
    SEQUENCE NAME public.auth_permission_id_seq
    START WITH 1
    INCREMENT BY 1
    NO MINVALUE
    NO MAXVALUE
    CACHE 1
);


--
-- Name: authtoken_token; Type: TABLE; Schema: public; Owner: debug
--

CREATE TABLE public.authtoken_token (
    key character varying(40) NOT NULL,
    created timestamp with time zone NOT NULL,
    user_id bigint NOT NULL
);


ALTER TABLE public.authtoken_token OWNER TO debug;

--
-- Name: cities_light_city; Type: TABLE; Schema: public; Owner: debug
--

CREATE TABLE public.cities_light_city (
    id integer NOT NULL,
    name_ascii character varying(200) NOT NULL,
    slug character varying(50) NOT NULL,
    geoname_id integer,
    alternate_names text,
    name character varying(200) NOT NULL,
    display_name character varying(200) NOT NULL,
    search_names text NOT NULL,
    latitude numeric(8,5),
    longitude numeric(8,5),
    region_id integer,
    country_id integer NOT NULL,
    population bigint,
    feature_code character varying(10),
    timezone character varying(40),
    subregion_id integer
);


ALTER TABLE public.cities_light_city OWNER TO debug;

--
-- Name: cities_light_city_id_seq; Type: SEQUENCE; Schema: public; Owner: debug
--

ALTER TABLE public.cities_light_city ALTER COLUMN id ADD GENERATED BY DEFAULT AS IDENTITY (
    SEQUENCE NAME public.cities_light_city_id_seq
    START WITH 1
    INCREMENT BY 1
    NO MINVALUE
    NO MAXVALUE
    CACHE 1
);


--
-- Name: cities_light_country; Type: TABLE; Schema: public; Owner: debug
--

CREATE TABLE public.cities_light_country (
    id integer NOT NULL,
    name_ascii character varying(200) NOT NULL,
    slug character varying(50) NOT NULL,
    geoname_id integer,
    alternate_names text,
    name character varying(200) NOT NULL,
    code2 character varying(2),
    code3 character varying(3),
    continent character varying(2) NOT NULL,
    tld character varying(5) NOT NULL,
    phone character varying(20)
);


ALTER TABLE public.cities_light_country OWNER TO debug;

--
-- Name: cities_light_country_id_seq; Type: SEQUENCE; Schema: public; Owner: debug
--

ALTER TABLE public.cities_light_country ALTER COLUMN id ADD GENERATED BY DEFAULT AS IDENTITY (
    SEQUENCE NAME public.cities_light_country_id_seq
    START WITH 1
    INCREMENT BY 1
    NO MINVALUE
    NO MAXVALUE
    CACHE 1
);


--
-- Name: cities_light_region; Type: TABLE; Schema: public; Owner: debug
--

CREATE TABLE public.cities_light_region (
    id integer NOT NULL,
    name_ascii character varying(200) NOT NULL,
    slug character varying(50) NOT NULL,
    geoname_id integer,
    alternate_names text,
    name character varying(200) NOT NULL,
    display_name character varying(200) NOT NULL,
    geoname_code character varying(50),
    country_id integer NOT NULL
);


ALTER TABLE public.cities_light_region OWNER TO debug;

--
-- Name: cities_light_region_id_seq; Type: SEQUENCE; Schema: public; Owner: debug
--

ALTER TABLE public.cities_light_region ALTER COLUMN id ADD GENERATED BY DEFAULT AS IDENTITY (
    SEQUENCE NAME public.cities_light_region_id_seq
    START WITH 1
    INCREMENT BY 1
    NO MINVALUE
    NO MAXVALUE
    CACHE 1
);


--
-- Name: cities_light_subregion; Type: TABLE; Schema: public; Owner: debug
--

CREATE TABLE public.cities_light_subregion (
    id integer NOT NULL,
    name character varying(200) NOT NULL,
    name_ascii character varying(200) NOT NULL,
    slug character varying(50) NOT NULL,
    geoname_id integer,
    alternate_names text,
    display_name character varying(200) NOT NULL,
    geoname_code character varying(50),
    country_id integer NOT NULL,
    region_id integer
);


ALTER TABLE public.cities_light_subregion OWNER TO debug;

--
-- Name: cities_light_subregion_id_seq; Type: SEQUENCE; Schema: public; Owner: debug
--

ALTER TABLE public.cities_light_subregion ALTER COLUMN id ADD GENERATED BY DEFAULT AS IDENTITY (
    SEQUENCE NAME public.cities_light_subregion_id_seq
    START WITH 1
    INCREMENT BY 1
    NO MINVALUE
    NO MAXVALUE
    CACHE 1
);


--
-- Name: django_admin_log; Type: TABLE; Schema: public; Owner: debug
--

CREATE TABLE public.django_admin_log (
    id integer NOT NULL,
    action_time timestamp with time zone NOT NULL,
    object_id text,
    object_repr character varying(200) NOT NULL,
    action_flag smallint NOT NULL,
    change_message text NOT NULL,
    content_type_id integer,
    user_id bigint NOT NULL,
    CONSTRAINT django_admin_log_action_flag_check CHECK ((action_flag >= 0))
);


ALTER TABLE public.django_admin_log OWNER TO debug;

--
-- Name: django_admin_log_id_seq; Type: SEQUENCE; Schema: public; Owner: debug
--

ALTER TABLE public.django_admin_log ALTER COLUMN id ADD GENERATED BY DEFAULT AS IDENTITY (
    SEQUENCE NAME public.django_admin_log_id_seq
    START WITH 1
    INCREMENT BY 1
    NO MINVALUE
    NO MAXVALUE
    CACHE 1
);


--
-- Name: django_content_type; Type: TABLE; Schema: public; Owner: debug
--

CREATE TABLE public.django_content_type (
    id integer NOT NULL,
    app_label character varying(100) NOT NULL,
    model character varying(100) NOT NULL
);


ALTER TABLE public.django_content_type OWNER TO debug;

--
-- Name: django_content_type_id_seq; Type: SEQUENCE; Schema: public; Owner: debug
--

ALTER TABLE public.django_content_type ALTER COLUMN id ADD GENERATED BY DEFAULT AS IDENTITY (
    SEQUENCE NAME public.django_content_type_id_seq
    START WITH 1
    INCREMENT BY 1
    NO MINVALUE
    NO MAXVALUE
    CACHE 1
);


--
-- Name: django_migrations; Type: TABLE; Schema: public; Owner: debug
--

CREATE TABLE public.django_migrations (
    id bigint NOT NULL,
    app character varying(255) NOT NULL,
    name character varying(255) NOT NULL,
    applied timestamp with time zone NOT NULL
);


ALTER TABLE public.django_migrations OWNER TO debug;

--
-- Name: django_migrations_id_seq; Type: SEQUENCE; Schema: public; Owner: debug
--

ALTER TABLE public.django_migrations ALTER COLUMN id ADD GENERATED BY DEFAULT AS IDENTITY (
    SEQUENCE NAME public.django_migrations_id_seq
    START WITH 1
    INCREMENT BY 1
    NO MINVALUE
    NO MAXVALUE
    CACHE 1
);


--
-- Name: django_session; Type: TABLE; Schema: public; Owner: debug
--

CREATE TABLE public.django_session (
    session_key character varying(40) NOT NULL,
    session_data text NOT NULL,
    expire_date timestamp with time zone NOT NULL
);


ALTER TABLE public.django_session OWNER TO debug;

--
-- Name: django_site; Type: TABLE; Schema: public; Owner: debug
--

CREATE TABLE public.django_site (
    id integer NOT NULL,
    domain character varying(100) NOT NULL,
    name character varying(50) NOT NULL
);


ALTER TABLE public.django_site OWNER TO debug;

--
-- Name: django_site_id_seq; Type: SEQUENCE; Schema: public; Owner: debug
--

ALTER TABLE public.django_site ALTER COLUMN id ADD GENERATED BY DEFAULT AS IDENTITY (
    SEQUENCE NAME public.django_site_id_seq
    START WITH 1
    INCREMENT BY 1
    NO MINVALUE
    NO MAXVALUE
    CACHE 1
);


--
-- Name: mfa_authenticator; Type: TABLE; Schema: public; Owner: debug
--

CREATE TABLE public.mfa_authenticator (
    id bigint NOT NULL,
    type character varying(20) NOT NULL,
    data jsonb NOT NULL,
    user_id bigint NOT NULL,
    created_at timestamp with time zone NOT NULL,
    last_used_at timestamp with time zone
);


ALTER TABLE public.mfa_authenticator OWNER TO debug;

--
-- Name: mfa_authenticator_id_seq; Type: SEQUENCE; Schema: public; Owner: debug
--

ALTER TABLE public.mfa_authenticator ALTER COLUMN id ADD GENERATED BY DEFAULT AS IDENTITY (
    SEQUENCE NAME public.mfa_authenticator_id_seq
    START WITH 1
    INCREMENT BY 1
    NO MINVALUE
    NO MAXVALUE
    CACHE 1
);


--
-- Name: profiles_profile; Type: TABLE; Schema: public; Owner: debug
--

CREATE TABLE public.profiles_profile (
    id bigint NOT NULL,
    first_name character varying(200) NOT NULL,
    last_name character varying(200) NOT NULL,
    bio text NOT NULL,
    email character varying(200) NOT NULL,
    country character varying(200) NOT NULL,
    avatar character varying(100) NOT NULL,
    slug character varying(50) NOT NULL,
    updated timestamp with time zone NOT NULL,
    created timestamp with time zone NOT NULL,
    user_id bigint NOT NULL
);


ALTER TABLE public.profiles_profile OWNER TO debug;

--
-- Name: profiles_profile_followed_users; Type: TABLE; Schema: public; Owner: debug
--

CREATE TABLE public.profiles_profile_followed_users (
    id bigint NOT NULL,
    profile_id bigint NOT NULL,
    user_id bigint NOT NULL
);


ALTER TABLE public.profiles_profile_followed_users OWNER TO debug;

--
-- Name: profiles_profile_followed_users_id_seq; Type: SEQUENCE; Schema: public; Owner: debug
--

ALTER TABLE public.profiles_profile_followed_users ALTER COLUMN id ADD GENERATED BY DEFAULT AS IDENTITY (
    SEQUENCE NAME public.profiles_profile_followed_users_id_seq
    START WITH 1
    INCREMENT BY 1
    NO MINVALUE
    NO MAXVALUE
    CACHE 1
);


--
-- Name: profiles_profile_friends; Type: TABLE; Schema: public; Owner: debug
--

CREATE TABLE public.profiles_profile_friends (
    id bigint NOT NULL,
    profile_id bigint NOT NULL,
    user_id bigint NOT NULL
);


ALTER TABLE public.profiles_profile_friends OWNER TO debug;

--
-- Name: profiles_profile_friends_id_seq; Type: SEQUENCE; Schema: public; Owner: debug
--

ALTER TABLE public.profiles_profile_friends ALTER COLUMN id ADD GENERATED BY DEFAULT AS IDENTITY (
    SEQUENCE NAME public.profiles_profile_friends_id_seq
    START WITH 1
    INCREMENT BY 1
    NO MINVALUE
    NO MAXVALUE
    CACHE 1
);


--
-- Name: profiles_profile_id_seq; Type: SEQUENCE; Schema: public; Owner: debug
--

ALTER TABLE public.profiles_profile ALTER COLUMN id ADD GENERATED BY DEFAULT AS IDENTITY (
    SEQUENCE NAME public.profiles_profile_id_seq
    START WITH 1
    INCREMENT BY 1
    NO MINVALUE
    NO MAXVALUE
    CACHE 1
);


--
-- Name: profiles_relationship; Type: TABLE; Schema: public; Owner: debug
--

CREATE TABLE public.profiles_relationship (
    id bigint NOT NULL,
    status character varying(2) NOT NULL,
    updated timestamp with time zone NOT NULL,
    created timestamp with time zone NOT NULL,
    receiver_id bigint NOT NULL,
    sender_id bigint NOT NULL
);


ALTER TABLE public.profiles_relationship OWNER TO debug;

--
-- Name: profiles_relationship_id_seq; Type: SEQUENCE; Schema: public; Owner: debug
--

ALTER TABLE public.profiles_relationship ALTER COLUMN id ADD GENERATED BY DEFAULT AS IDENTITY (
    SEQUENCE NAME public.profiles_relationship_id_seq
    START WITH 1
    INCREMENT BY 1
    NO MINVALUE
    NO MAXVALUE
    CACHE 1
);


--
-- Name: socialaccount_socialaccount; Type: TABLE; Schema: public; Owner: debug
--

CREATE TABLE public.socialaccount_socialaccount (
    id integer NOT NULL,
    provider character varying(200) NOT NULL,
    uid character varying(191) NOT NULL,
    last_login timestamp with time zone NOT NULL,
    date_joined timestamp with time zone NOT NULL,
    extra_data jsonb NOT NULL,
    user_id bigint NOT NULL
);


ALTER TABLE public.socialaccount_socialaccount OWNER TO debug;

--
-- Name: socialaccount_socialaccount_id_seq; Type: SEQUENCE; Schema: public; Owner: debug
--

ALTER TABLE public.socialaccount_socialaccount ALTER COLUMN id ADD GENERATED BY DEFAULT AS IDENTITY (
    SEQUENCE NAME public.socialaccount_socialaccount_id_seq
    START WITH 1
    INCREMENT BY 1
    NO MINVALUE
    NO MAXVALUE
    CACHE 1
);


--
-- Name: socialaccount_socialapp; Type: TABLE; Schema: public; Owner: debug
--

CREATE TABLE public.socialaccount_socialapp (
    id integer NOT NULL,
    provider character varying(30) NOT NULL,
    name character varying(40) NOT NULL,
    client_id character varying(191) NOT NULL,
    secret character varying(191) NOT NULL,
    key character varying(191) NOT NULL,
    provider_id character varying(200) NOT NULL,
    settings jsonb NOT NULL
);


ALTER TABLE public.socialaccount_socialapp OWNER TO debug;

--
-- Name: socialaccount_socialapp_id_seq; Type: SEQUENCE; Schema: public; Owner: debug
--

ALTER TABLE public.socialaccount_socialapp ALTER COLUMN id ADD GENERATED BY DEFAULT AS IDENTITY (
    SEQUENCE NAME public.socialaccount_socialapp_id_seq
    START WITH 1
    INCREMENT BY 1
    NO MINVALUE
    NO MAXVALUE
    CACHE 1
);


--
-- Name: socialaccount_socialapp_sites; Type: TABLE; Schema: public; Owner: debug
--

CREATE TABLE public.socialaccount_socialapp_sites (
    id bigint NOT NULL,
    socialapp_id integer NOT NULL,
    site_id integer NOT NULL
);


ALTER TABLE public.socialaccount_socialapp_sites OWNER TO debug;

--
-- Name: socialaccount_socialapp_sites_id_seq; Type: SEQUENCE; Schema: public; Owner: debug
--

ALTER TABLE public.socialaccount_socialapp_sites ALTER COLUMN id ADD GENERATED BY DEFAULT AS IDENTITY (
    SEQUENCE NAME public.socialaccount_socialapp_sites_id_seq
    START WITH 1
    INCREMENT BY 1
    NO MINVALUE
    NO MAXVALUE
    CACHE 1
);


--
-- Name: socialaccount_socialtoken; Type: TABLE; Schema: public; Owner: debug
--

CREATE TABLE public.socialaccount_socialtoken (
    id integer NOT NULL,
    token text NOT NULL,
    token_secret text NOT NULL,
    expires_at timestamp with time zone,
    account_id integer NOT NULL,
    app_id integer
);


ALTER TABLE public.socialaccount_socialtoken OWNER TO debug;

--
-- Name: socialaccount_socialtoken_id_seq; Type: SEQUENCE; Schema: public; Owner: debug
--

ALTER TABLE public.socialaccount_socialtoken ALTER COLUMN id ADD GENERATED BY DEFAULT AS IDENTITY (
    SEQUENCE NAME public.socialaccount_socialtoken_id_seq
    START WITH 1
    INCREMENT BY 1
    NO MINVALUE
    NO MAXVALUE
    CACHE 1
);


--
-- Name: topics_comment; Type: TABLE; Schema: public; Owner: debug
--

CREATE TABLE public.topics_comment (
    id bigint NOT NULL,
    body text NOT NULL,
    updated timestamp with time zone NOT NULL,
    created timestamp with time zone NOT NULL,
    user_id bigint NOT NULL,
    topic_id bigint NOT NULL
);


ALTER TABLE public.topics_comment OWNER TO debug;

--
-- Name: topics_comment_id_seq; Type: SEQUENCE; Schema: public; Owner: debug
--

ALTER TABLE public.topics_comment ALTER COLUMN id ADD GENERATED BY DEFAULT AS IDENTITY (
    SEQUENCE NAME public.topics_comment_id_seq
    START WITH 1
    INCREMENT BY 1
    NO MINVALUE
    NO MAXVALUE
    CACHE 1
);


--
-- Name: topics_customfield; Type: TABLE; Schema: public; Owner: debug
--

CREATE TABLE public.topics_customfield (
    id bigint NOT NULL,
    name character varying(36) NOT NULL,
    updated timestamp with time zone NOT NULL,
    created timestamp with time zone NOT NULL,
    parent_field_id bigint
);


ALTER TABLE public.topics_customfield OWNER TO debug;

--
-- Name: topics_customfield_id_seq; Type: SEQUENCE; Schema: public; Owner: debug
--

ALTER TABLE public.topics_customfield ALTER COLUMN id ADD GENERATED BY DEFAULT AS IDENTITY (
    SEQUENCE NAME public.topics_customfield_id_seq
    START WITH 1
    INCREMENT BY 1
    NO MINVALUE
    NO MAXVALUE
    CACHE 1
);


--
-- Name: topics_field; Type: TABLE; Schema: public; Owner: debug
--

CREATE TABLE public.topics_field (
    id bigint NOT NULL,
    name character varying(26) NOT NULL,
    updated timestamp with time zone NOT NULL,
    created timestamp with time zone NOT NULL
);


ALTER TABLE public.topics_field OWNER TO debug;

--
-- Name: topics_field_id_seq; Type: SEQUENCE; Schema: public; Owner: debug
--

ALTER TABLE public.topics_field ALTER COLUMN id ADD GENERATED BY DEFAULT AS IDENTITY (
    SEQUENCE NAME public.topics_field_id_seq
    START WITH 1
    INCREMENT BY 1
    NO MINVALUE
    NO MAXVALUE
    CACHE 1
);


--
-- Name: topics_joinrequest; Type: TABLE; Schema: public; Owner: debug
--

CREATE TABLE public.topics_joinrequest (
    id bigint NOT NULL,
    approved boolean NOT NULL,
    approve_time timestamp with time zone,
    updated timestamp with time zone NOT NULL,
    created timestamp with time zone NOT NULL,
    user_id bigint NOT NULL,
    topic_id bigint NOT NULL
);


ALTER TABLE public.topics_joinrequest OWNER TO debug;

--
-- Name: topics_joinrequest_id_seq; Type: SEQUENCE; Schema: public; Owner: debug
--

ALTER TABLE public.topics_joinrequest ALTER COLUMN id ADD GENERATED BY DEFAULT AS IDENTITY (
    SEQUENCE NAME public.topics_joinrequest_id_seq
    START WITH 1
    INCREMENT BY 1
    NO MINVALUE
    NO MAXVALUE
    CACHE 1
);


--
-- Name: topics_lang; Type: TABLE; Schema: public; Owner: debug
--

CREATE TABLE public.topics_lang (
    id bigint NOT NULL,
    ticker character varying(3) NOT NULL,
    name character varying(36) NOT NULL,
    created timestamp with time zone NOT NULL
);


ALTER TABLE public.topics_lang OWNER TO debug;

--
-- Name: topics_lang_id_seq; Type: SEQUENCE; Schema: public; Owner: debug
--

ALTER TABLE public.topics_lang ALTER COLUMN id ADD GENERATED BY DEFAULT AS IDENTITY (
    SEQUENCE NAME public.topics_lang_id_seq
    START WITH 1
    INCREMENT BY 1
    NO MINVALUE
    NO MAXVALUE
    CACHE 1
);


--
-- Name: topics_like; Type: TABLE; Schema: public; Owner: debug
--

CREATE TABLE public.topics_like (
    id bigint NOT NULL,
    value character varying(8) NOT NULL,
    updated timestamp with time zone NOT NULL,
    created timestamp with time zone NOT NULL,
    user_id bigint NOT NULL,
    topic_id bigint NOT NULL
);


ALTER TABLE public.topics_like OWNER TO debug;

--
-- Name: topics_like_id_seq; Type: SEQUENCE; Schema: public; Owner: debug
--

ALTER TABLE public.topics_like ALTER COLUMN id ADD GENERATED BY DEFAULT AS IDENTITY (
    SEQUENCE NAME public.topics_like_id_seq
    START WITH 1
    INCREMENT BY 1
    NO MINVALUE
    NO MAXVALUE
    CACHE 1
);


--
-- Name: topics_mycustomtimezones; Type: TABLE; Schema: public; Owner: debug
--

CREATE TABLE public.topics_mycustomtimezones (
    id bigint NOT NULL,
    timezone_char character varying(32) NOT NULL
);


ALTER TABLE public.topics_mycustomtimezones OWNER TO debug;

--
-- Name: topics_mycustomtimezones_id_seq; Type: SEQUENCE; Schema: public; Owner: debug
--

ALTER TABLE public.topics_mycustomtimezones ALTER COLUMN id ADD GENERATED BY DEFAULT AS IDENTITY (
    SEQUENCE NAME public.topics_mycustomtimezones_id_seq
    START WITH 1
    INCREMENT BY 1
    NO MINVALUE
    NO MAXVALUE
    CACHE 1
);


--
-- Name: topics_subfield; Type: TABLE; Schema: public; Owner: debug
--

CREATE TABLE public.topics_subfield (
    id bigint NOT NULL,
    name character varying(36) NOT NULL,
    updated timestamp with time zone NOT NULL,
    created timestamp with time zone NOT NULL
);


ALTER TABLE public.topics_subfield OWNER TO debug;

--
-- Name: topics_subfield_id_seq; Type: SEQUENCE; Schema: public; Owner: debug
--

ALTER TABLE public.topics_subfield ALTER COLUMN id ADD GENERATED BY DEFAULT AS IDENTITY (
    SEQUENCE NAME public.topics_subfield_id_seq
    START WITH 1
    INCREMENT BY 1
    NO MINVALUE
    NO MAXVALUE
    CACHE 1
);


--
-- Name: topics_subfield_parent_field; Type: TABLE; Schema: public; Owner: debug
--

CREATE TABLE public.topics_subfield_parent_field (
    id bigint NOT NULL,
    subfield_id bigint NOT NULL,
    field_id bigint NOT NULL
);


ALTER TABLE public.topics_subfield_parent_field OWNER TO debug;

--
-- Name: topics_subfield_parent_field_id_seq; Type: SEQUENCE; Schema: public; Owner: debug
--

ALTER TABLE public.topics_subfield_parent_field ALTER COLUMN id ADD GENERATED BY DEFAULT AS IDENTITY (
    SEQUENCE NAME public.topics_subfield_parent_field_id_seq
    START WITH 1
    INCREMENT BY 1
    NO MINVALUE
    NO MAXVALUE
    CACHE 1
);


--
-- Name: topics_topic; Type: TABLE; Schema: public; Owner: debug
--

CREATE TABLE public.topics_topic (
    id bigint NOT NULL,
    title character varying(110) NOT NULL,
    description text NOT NULL,
    date_posted timestamp with time zone NOT NULL,
    topic_image character varying(100),
    location character varying(110) NOT NULL,
    attending_type character varying(1) NOT NULL,
    nuber_of_participants smallint NOT NULL,
    schedule_freq character varying(1) NOT NULL,
    updated timestamp with time zone NOT NULL,
    created timestamp with time zone NOT NULL,
    custom_field character varying(36),
    field_id bigint,
    language_id bigint,
    location_country_id integer,
    poster_id bigint NOT NULL,
    subfield_id bigint,
    time_zone_id bigint,
    CONSTRAINT topics_topic_nuber_of_participants_check CHECK ((nuber_of_participants >= 0))
);


ALTER TABLE public.topics_topic OWNER TO debug;

--
-- Name: topics_topic_id_seq; Type: SEQUENCE; Schema: public; Owner: debug
--

ALTER TABLE public.topics_topic ALTER COLUMN id ADD GENERATED BY DEFAULT AS IDENTITY (
    SEQUENCE NAME public.topics_topic_id_seq
    START WITH 1
    INCREMENT BY 1
    NO MINVALUE
    NO MAXVALUE
    CACHE 1
);


--
-- Name: topics_topic_liked; Type: TABLE; Schema: public; Owner: debug
--

CREATE TABLE public.topics_topic_liked (
    id bigint NOT NULL,
    topic_id bigint NOT NULL,
    profile_id bigint NOT NULL
);


ALTER TABLE public.topics_topic_liked OWNER TO debug;

--
-- Name: topics_topic_liked_id_seq; Type: SEQUENCE; Schema: public; Owner: debug
--

ALTER TABLE public.topics_topic_liked ALTER COLUMN id ADD GENERATED BY DEFAULT AS IDENTITY (
    SEQUENCE NAME public.topics_topic_liked_id_seq
    START WITH 1
    INCREMENT BY 1
    NO MINVALUE
    NO MAXVALUE
    CACHE 1
);


--
-- Name: users_user; Type: TABLE; Schema: public; Owner: debug
--

CREATE TABLE public.users_user (
    id bigint NOT NULL,
    password character varying(128) NOT NULL,
    last_login timestamp with time zone,
    is_superuser boolean NOT NULL,
    username character varying(150) NOT NULL,
    email character varying(254) NOT NULL,
    is_staff boolean NOT NULL,
    is_active boolean NOT NULL,
    date_joined timestamp with time zone NOT NULL,
    name character varying(255) NOT NULL
);


ALTER TABLE public.users_user OWNER TO debug;

--
-- Name: users_user_groups; Type: TABLE; Schema: public; Owner: debug
--

CREATE TABLE public.users_user_groups (
    id bigint NOT NULL,
    user_id bigint NOT NULL,
    group_id integer NOT NULL
);


ALTER TABLE public.users_user_groups OWNER TO debug;

--
-- Name: users_user_groups_id_seq; Type: SEQUENCE; Schema: public; Owner: debug
--

ALTER TABLE public.users_user_groups ALTER COLUMN id ADD GENERATED BY DEFAULT AS IDENTITY (
    SEQUENCE NAME public.users_user_groups_id_seq
    START WITH 1
    INCREMENT BY 1
    NO MINVALUE
    NO MAXVALUE
    CACHE 1
);


--
-- Name: users_user_id_seq; Type: SEQUENCE; Schema: public; Owner: debug
--

ALTER TABLE public.users_user ALTER COLUMN id ADD GENERATED BY DEFAULT AS IDENTITY (
    SEQUENCE NAME public.users_user_id_seq
    START WITH 1
    INCREMENT BY 1
    NO MINVALUE
    NO MAXVALUE
    CACHE 1
);


--
-- Name: users_user_user_permissions; Type: TABLE; Schema: public; Owner: debug
--

CREATE TABLE public.users_user_user_permissions (
    id bigint NOT NULL,
    user_id bigint NOT NULL,
    permission_id integer NOT NULL
);


ALTER TABLE public.users_user_user_permissions OWNER TO debug;

--
-- Name: users_user_user_permissions_id_seq; Type: SEQUENCE; Schema: public; Owner: debug
--

ALTER TABLE public.users_user_user_permissions ALTER COLUMN id ADD GENERATED BY DEFAULT AS IDENTITY (
    SEQUENCE NAME public.users_user_user_permissions_id_seq
    START WITH 1
    INCREMENT BY 1
    NO MINVALUE
    NO MAXVALUE
    CACHE 1
);


--
-- Data for Name: account_emailaddress; Type: TABLE DATA; Schema: public; Owner: debug
--

COPY public.account_emailaddress (id, email, verified, "primary", user_id) FROM stdin;
\.


--
-- Data for Name: account_emailconfirmation; Type: TABLE DATA; Schema: public; Owner: debug
--

COPY public.account_emailconfirmation (id, created, sent, key, email_address_id) FROM stdin;
\.


--
-- Data for Name: auth_group; Type: TABLE DATA; Schema: public; Owner: debug
--

COPY public.auth_group (id, name) FROM stdin;
\.


--
-- Data for Name: auth_group_permissions; Type: TABLE DATA; Schema: public; Owner: debug
--

COPY public.auth_group_permissions (id, group_id, permission_id) FROM stdin;
\.


--
-- Data for Name: auth_permission; Type: TABLE DATA; Schema: public; Owner: debug
--

COPY public.auth_permission (id, name, content_type_id, codename) FROM stdin;
1	Can add permission	1	add_permission
2	Can change permission	1	change_permission
3	Can delete permission	1	delete_permission
4	Can view permission	1	view_permission
5	Can add group	2	add_group
6	Can change group	2	change_group
7	Can delete group	2	delete_group
8	Can view group	2	view_group
9	Can add content type	3	add_contenttype
10	Can change content type	3	change_contenttype
11	Can delete content type	3	delete_contenttype
12	Can view content type	3	view_contenttype
13	Can add session	4	add_session
14	Can change session	4	change_session
15	Can delete session	4	delete_session
16	Can view session	4	view_session
17	Can add site	5	add_site
18	Can change site	5	change_site
19	Can delete site	5	delete_site
20	Can view site	5	view_site
21	Can add log entry	6	add_logentry
22	Can change log entry	6	change_logentry
23	Can delete log entry	6	delete_logentry
24	Can view log entry	6	view_logentry
25	Can add email address	7	add_emailaddress
26	Can change email address	7	change_emailaddress
27	Can delete email address	7	delete_emailaddress
28	Can view email address	7	view_emailaddress
29	Can add email confirmation	8	add_emailconfirmation
30	Can change email confirmation	8	change_emailconfirmation
31	Can delete email confirmation	8	delete_emailconfirmation
32	Can view email confirmation	8	view_emailconfirmation
33	Can add authenticator	9	add_authenticator
34	Can change authenticator	9	change_authenticator
35	Can delete authenticator	9	delete_authenticator
36	Can view authenticator	9	view_authenticator
37	Can add social account	10	add_socialaccount
38	Can change social account	10	change_socialaccount
39	Can delete social account	10	delete_socialaccount
40	Can view social account	10	view_socialaccount
41	Can add social application	11	add_socialapp
42	Can change social application	11	change_socialapp
43	Can delete social application	11	delete_socialapp
44	Can view social application	11	view_socialapp
45	Can add social application token	12	add_socialtoken
46	Can change social application token	12	change_socialtoken
47	Can delete social application token	12	delete_socialtoken
48	Can view social application token	12	view_socialtoken
49	Can add Token	13	add_token
50	Can change Token	13	change_token
51	Can delete Token	13	delete_token
52	Can view Token	13	view_token
53	Can add Token	14	add_tokenproxy
54	Can change Token	14	change_tokenproxy
55	Can delete Token	14	delete_tokenproxy
56	Can view Token	14	view_tokenproxy
57	Can add country	15	add_country
58	Can change country	15	change_country
59	Can delete country	15	delete_country
60	Can view country	15	view_country
61	Can add region/state	16	add_region
62	Can change region/state	16	change_region
63	Can delete region/state	16	delete_region
64	Can view region/state	16	view_region
65	Can add city	17	add_city
66	Can change city	17	change_city
67	Can delete city	17	delete_city
68	Can view city	17	view_city
69	Can add SubRegion	18	add_subregion
70	Can change SubRegion	18	change_subregion
71	Can delete SubRegion	18	delete_subregion
72	Can view SubRegion	18	view_subregion
73	Can add user	19	add_user
74	Can change user	19	change_user
75	Can delete user	19	delete_user
76	Can view user	19	view_user
77	Can add field	20	add_field
78	Can change field	20	change_field
79	Can delete field	20	delete_field
80	Can view field	20	view_field
81	Can add lang	21	add_lang
82	Can change lang	21	change_lang
83	Can delete lang	21	delete_lang
84	Can view lang	21	view_lang
85	Can add my custom time zones	22	add_mycustomtimezones
86	Can change my custom time zones	22	change_mycustomtimezones
87	Can delete my custom time zones	22	delete_mycustomtimezones
88	Can view my custom time zones	22	view_mycustomtimezones
89	Can add customfield	23	add_customfield
90	Can change customfield	23	change_customfield
91	Can delete customfield	23	delete_customfield
92	Can view customfield	23	view_customfield
93	Can add subfield	24	add_subfield
94	Can change subfield	24	change_subfield
95	Can delete subfield	24	delete_subfield
96	Can view subfield	24	view_subfield
97	Can add topic	25	add_topic
98	Can change topic	25	change_topic
99	Can delete topic	25	delete_topic
100	Can view topic	25	view_topic
101	Can add like	26	add_like
102	Can change like	26	change_like
103	Can delete like	26	delete_like
104	Can view like	26	view_like
105	Can add join request	27	add_joinrequest
106	Can change join request	27	change_joinrequest
107	Can delete join request	27	delete_joinrequest
108	Can view join request	27	view_joinrequest
109	Can add comment	28	add_comment
110	Can change comment	28	change_comment
111	Can delete comment	28	delete_comment
112	Can view comment	28	view_comment
113	Can add profile	29	add_profile
114	Can change profile	29	change_profile
115	Can delete profile	29	delete_profile
116	Can view profile	29	view_profile
117	Can add relationship	30	add_relationship
118	Can change relationship	30	change_relationship
119	Can delete relationship	30	delete_relationship
120	Can view relationship	30	view_relationship
\.


--
-- Data for Name: authtoken_token; Type: TABLE DATA; Schema: public; Owner: debug
--

COPY public.authtoken_token (key, created, user_id) FROM stdin;
\.


--
-- Data for Name: cities_light_city; Type: TABLE DATA; Schema: public; Owner: debug
--

COPY public.cities_light_city (id, name_ascii, slug, geoname_id, alternate_names, name, display_name, search_names, latitude, longitude, region_id, country_id, population, feature_code, timezone, subregion_id) FROM stdin;
\.


--
-- Data for Name: cities_light_country; Type: TABLE DATA; Schema: public; Owner: debug
--

COPY public.cities_light_country (id, name_ascii, slug, geoname_id, alternate_names, name, code2, code3, continent, tld, phone) FROM stdin;
\.


--
-- Data for Name: cities_light_region; Type: TABLE DATA; Schema: public; Owner: debug
--

COPY public.cities_light_region (id, name_ascii, slug, geoname_id, alternate_names, name, display_name, geoname_code, country_id) FROM stdin;
\.


--
-- Data for Name: cities_light_subregion; Type: TABLE DATA; Schema: public; Owner: debug
--

COPY public.cities_light_subregion (id, name, name_ascii, slug, geoname_id, alternate_names, display_name, geoname_code, country_id, region_id) FROM stdin;
\.


--
-- Data for Name: django_admin_log; Type: TABLE DATA; Schema: public; Owner: debug
--

COPY public.django_admin_log (id, action_time, object_id, object_repr, action_flag, change_message, content_type_id, user_id) FROM stdin;
\.


--
-- Data for Name: django_content_type; Type: TABLE DATA; Schema: public; Owner: debug
--

COPY public.django_content_type (id, app_label, model) FROM stdin;
1	auth	permission
2	auth	group
3	contenttypes	contenttype
4	sessions	session
5	sites	site
6	admin	logentry
7	account	emailaddress
8	account	emailconfirmation
9	mfa	authenticator
10	socialaccount	socialaccount
11	socialaccount	socialapp
12	socialaccount	socialtoken
13	authtoken	token
14	authtoken	tokenproxy
15	cities_light	country
16	cities_light	region
17	cities_light	city
18	cities_light	subregion
19	users	user
20	topics	field
21	topics	lang
22	topics	mycustomtimezones
23	topics	customfield
24	topics	subfield
25	topics	topic
26	topics	like
27	topics	joinrequest
28	topics	comment
29	profiles	profile
30	profiles	relationship
\.


--
-- Data for Name: django_migrations; Type: TABLE DATA; Schema: public; Owner: debug
--

COPY public.django_migrations (id, app, name, applied) FROM stdin;
1	contenttypes	0001_initial	2024-09-05 09:33:22.027638+00
2	contenttypes	0002_remove_content_type_name	2024-09-05 09:33:22.046728+00
3	auth	0001_initial	2024-09-05 09:33:22.178491+00
4	auth	0002_alter_permission_name_max_length	2024-09-05 09:33:22.187527+00
5	auth	0003_alter_user_email_max_length	2024-09-05 09:33:22.196132+00
6	auth	0004_alter_user_username_opts	2024-09-05 09:33:22.205223+00
7	auth	0005_alter_user_last_login_null	2024-09-05 09:33:22.214225+00
8	auth	0006_require_contenttypes_0002	2024-09-05 09:33:22.217333+00
9	auth	0007_alter_validators_add_error_messages	2024-09-05 09:33:22.228431+00
10	auth	0008_alter_user_username_max_length	2024-09-05 09:33:22.240262+00
11	auth	0009_alter_user_last_name_max_length	2024-09-05 09:33:22.249813+00
12	auth	0010_alter_group_name_max_length	2024-09-05 09:33:22.260091+00
13	auth	0011_update_proxy_permissions	2024-09-05 09:33:22.268553+00
14	auth	0012_alter_user_first_name_max_length	2024-09-05 09:33:22.27701+00
15	users	0001_initial	2024-09-05 09:33:22.35437+00
16	account	0001_initial	2024-09-05 09:33:22.430125+00
17	account	0002_email_max_length	2024-09-05 09:33:22.444056+00
18	account	0003_alter_emailaddress_create_unique_verified_email	2024-09-05 09:33:22.477908+00
19	account	0004_alter_emailaddress_drop_unique_email	2024-09-05 09:33:22.593121+00
20	account	0005_emailaddress_idx_upper_email	2024-09-05 09:33:22.613446+00
21	account	0006_emailaddress_lower	2024-09-05 09:33:22.633354+00
22	account	0007_emailaddress_idx_email	2024-09-05 09:33:22.663586+00
23	account	0008_emailaddress_unique_primary_email_fixup	2024-09-05 09:33:22.682274+00
24	account	0009_emailaddress_unique_primary_email	2024-09-05 09:33:22.69829+00
25	admin	0001_initial	2024-09-05 09:33:22.735283+00
26	admin	0002_logentry_remove_auto_add	2024-09-05 09:33:22.748013+00
27	admin	0003_logentry_add_action_flag_choices	2024-09-05 09:33:22.761453+00
28	authtoken	0001_initial	2024-09-05 09:33:22.790114+00
29	authtoken	0002_auto_20160226_1747	2024-09-05 09:33:22.840394+00
30	authtoken	0003_tokenproxy	2024-09-05 09:33:22.845075+00
31	authtoken	0004_alter_tokenproxy_options	2024-09-05 09:33:22.856343+00
32	cities_light	0001_initial	2024-09-05 09:33:23.160128+00
33	cities_light	0002_city	2024-09-05 09:33:23.232539+00
34	cities_light	0003_auto_20141120_0342	2024-09-05 09:33:23.241399+00
35	cities_light	0004_autoslug_update	2024-09-05 09:33:23.261165+00
36	cities_light	0005_blank_phone	2024-09-05 09:33:23.269827+00
37	cities_light	0006_compensate_for_0003_bytestring_bug	2024-09-05 09:33:23.279583+00
38	cities_light	0007_make_country_name_not_unique	2024-09-05 09:33:23.298079+00
39	cities_light	0008_city_timezone	2024-09-05 09:33:23.320209+00
40	cities_light	0009_add_subregion	2024-09-05 09:33:23.41648+00
41	cities_light	0010_auto_20200508_1851	2024-09-05 09:33:23.473583+00
42	cities_light	0011_alter_city_country_alter_city_region_and_more	2024-09-05 09:33:23.50199+00
43	mfa	0001_initial	2024-09-05 09:33:23.5401+00
44	mfa	0002_authenticator_timestamps	2024-09-05 09:33:23.569928+00
45	mfa	0003_authenticator_type_uniq	2024-09-05 09:33:23.628109+00
46	profiles	0001_initial	2024-09-05 09:33:23.782199+00
47	sessions	0001_initial	2024-09-05 09:33:23.839304+00
48	sites	0001_initial	2024-09-05 09:33:23.85675+00
49	sites	0002_alter_domain_unique	2024-09-05 09:33:23.869835+00
50	sites	0003_set_site_domain_and_name	2024-09-05 09:33:23.922054+00
51	sites	0004_alter_options_ordering_domain	2024-09-05 09:33:23.927963+00
52	socialaccount	0001_initial	2024-09-05 09:33:24.13348+00
53	socialaccount	0002_token_max_lengths	2024-09-05 09:33:24.18694+00
54	socialaccount	0003_extra_data_default_dict	2024-09-05 09:33:24.206974+00
55	socialaccount	0004_app_provider_id_settings	2024-09-05 09:33:24.246988+00
56	socialaccount	0005_socialtoken_nullable_app	2024-09-05 09:33:24.291811+00
57	socialaccount	0006_alter_socialaccount_extra_data	2024-09-05 09:33:24.326877+00
58	topics	0001_initial	2024-09-05 09:33:24.699428+00
\.


--
-- Data for Name: django_session; Type: TABLE DATA; Schema: public; Owner: debug
--

COPY public.django_session (session_key, session_data, expire_date) FROM stdin;
\.


--
-- Data for Name: django_site; Type: TABLE DATA; Schema: public; Owner: debug
--

COPY public.django_site (id, domain, name) FROM stdin;
1	example.com	lbtf4
\.


--
-- Data for Name: mfa_authenticator; Type: TABLE DATA; Schema: public; Owner: debug
--

COPY public.mfa_authenticator (id, type, data, user_id, created_at, last_used_at) FROM stdin;
\.


--
-- Data for Name: profiles_profile; Type: TABLE DATA; Schema: public; Owner: debug
--

COPY public.profiles_profile (id, first_name, last_name, bio, email, country, avatar, slug, updated, created, user_id) FROM stdin;
1			no bio...			avatar.png	art3m	2024-09-05 09:35:41.556874+00	2024-09-05 09:35:41.556892+00	1
\.


--
-- Data for Name: profiles_profile_followed_users; Type: TABLE DATA; Schema: public; Owner: debug
--

COPY public.profiles_profile_followed_users (id, profile_id, user_id) FROM stdin;
\.


--
-- Data for Name: profiles_profile_friends; Type: TABLE DATA; Schema: public; Owner: debug
--

COPY public.profiles_profile_friends (id, profile_id, user_id) FROM stdin;
\.


--
-- Data for Name: profiles_relationship; Type: TABLE DATA; Schema: public; Owner: debug
--

COPY public.profiles_relationship (id, status, updated, created, receiver_id, sender_id) FROM stdin;
\.


--
-- Data for Name: socialaccount_socialaccount; Type: TABLE DATA; Schema: public; Owner: debug
--

COPY public.socialaccount_socialaccount (id, provider, uid, last_login, date_joined, extra_data, user_id) FROM stdin;
\.


--
-- Data for Name: socialaccount_socialapp; Type: TABLE DATA; Schema: public; Owner: debug
--

COPY public.socialaccount_socialapp (id, provider, name, client_id, secret, key, provider_id, settings) FROM stdin;
\.


--
-- Data for Name: socialaccount_socialapp_sites; Type: TABLE DATA; Schema: public; Owner: debug
--

COPY public.socialaccount_socialapp_sites (id, socialapp_id, site_id) FROM stdin;
\.


--
-- Data for Name: socialaccount_socialtoken; Type: TABLE DATA; Schema: public; Owner: debug
--

COPY public.socialaccount_socialtoken (id, token, token_secret, expires_at, account_id, app_id) FROM stdin;
\.


--
-- Data for Name: topics_comment; Type: TABLE DATA; Schema: public; Owner: debug
--

COPY public.topics_comment (id, body, updated, created, user_id, topic_id) FROM stdin;
\.


--
-- Data for Name: topics_customfield; Type: TABLE DATA; Schema: public; Owner: debug
--

COPY public.topics_customfield (id, name, updated, created, parent_field_id) FROM stdin;
\.


--
-- Data for Name: topics_field; Type: TABLE DATA; Schema: public; Owner: debug
--

COPY public.topics_field (id, name, updated, created) FROM stdin;
\.


--
-- Data for Name: topics_joinrequest; Type: TABLE DATA; Schema: public; Owner: debug
--

COPY public.topics_joinrequest (id, approved, approve_time, updated, created, user_id, topic_id) FROM stdin;
\.


--
-- Data for Name: topics_lang; Type: TABLE DATA; Schema: public; Owner: debug
--

COPY public.topics_lang (id, ticker, name, created) FROM stdin;
\.


--
-- Data for Name: topics_like; Type: TABLE DATA; Schema: public; Owner: debug
--

COPY public.topics_like (id, value, updated, created, user_id, topic_id) FROM stdin;
\.


--
-- Data for Name: topics_mycustomtimezones; Type: TABLE DATA; Schema: public; Owner: debug
--

COPY public.topics_mycustomtimezones (id, timezone_char) FROM stdin;
\.


--
-- Data for Name: topics_subfield; Type: TABLE DATA; Schema: public; Owner: debug
--

COPY public.topics_subfield (id, name, updated, created) FROM stdin;
\.


--
-- Data for Name: topics_subfield_parent_field; Type: TABLE DATA; Schema: public; Owner: debug
--

COPY public.topics_subfield_parent_field (id, subfield_id, field_id) FROM stdin;
\.


--
-- Data for Name: topics_topic; Type: TABLE DATA; Schema: public; Owner: debug
--

COPY public.topics_topic (id, title, description, date_posted, topic_image, location, attending_type, nuber_of_participants, schedule_freq, updated, created, custom_field, field_id, language_id, location_country_id, poster_id, subfield_id, time_zone_id) FROM stdin;
\.


--
-- Data for Name: topics_topic_liked; Type: TABLE DATA; Schema: public; Owner: debug
--

COPY public.topics_topic_liked (id, topic_id, profile_id) FROM stdin;
\.


--
-- Data for Name: users_user; Type: TABLE DATA; Schema: public; Owner: debug
--

COPY public.users_user (id, password, last_login, is_superuser, username, email, is_staff, is_active, date_joined, name) FROM stdin;
1	argon2$argon2id$v=19$m=102400,t=2,p=8$RndtZ1FPZkkxS3NlMWJHendqQWlBTA$huk9TGf1IGLh23D/cORFXMq+GxNlIDh4Cik7e/iq2ZM	2024-09-05 09:36:29.670308+00	t	art3m	art3m@lbtf.me	t	t	2024-09-05 09:35:40.145283+00
\.


--
-- Data for Name: users_user_groups; Type: TABLE DATA; Schema: public; Owner: debug
--

COPY public.users_user_groups (id, user_id, group_id) FROM stdin;
\.


--
-- Data for Name: users_user_user_permissions; Type: TABLE DATA; Schema: public; Owner: debug
--

COPY public.users_user_user_permissions (id, user_id, permission_id) FROM stdin;
\.


--
-- Name: account_emailaddress_id_seq; Type: SEQUENCE SET; Schema: public; Owner: debug
--

SELECT pg_catalog.setval('public.account_emailaddress_id_seq', 1, false);


--
-- Name: account_emailconfirmation_id_seq; Type: SEQUENCE SET; Schema: public; Owner: debug
--

SELECT pg_catalog.setval('public.account_emailconfirmation_id_seq', 1, false);


--
-- Name: auth_group_id_seq; Type: SEQUENCE SET; Schema: public; Owner: debug
--

SELECT pg_catalog.setval('public.auth_group_id_seq', 1, false);


--
-- Name: auth_group_permissions_id_seq; Type: SEQUENCE SET; Schema: public; Owner: debug
--

SELECT pg_catalog.setval('public.auth_group_permissions_id_seq', 1, false);


--
-- Name: auth_permission_id_seq; Type: SEQUENCE SET; Schema: public; Owner: debug
--

SELECT pg_catalog.setval('public.auth_permission_id_seq', 120, true);


--
-- Name: cities_light_city_id_seq; Type: SEQUENCE SET; Schema: public; Owner: debug
--

SELECT pg_catalog.setval('public.cities_light_city_id_seq', 1, false);


--
-- Name: cities_light_country_id_seq; Type: SEQUENCE SET; Schema: public; Owner: debug
--

SELECT pg_catalog.setval('public.cities_light_country_id_seq', 1, false);


--
-- Name: cities_light_region_id_seq; Type: SEQUENCE SET; Schema: public; Owner: debug
--

SELECT pg_catalog.setval('public.cities_light_region_id_seq', 1, false);


--
-- Name: cities_light_subregion_id_seq; Type: SEQUENCE SET; Schema: public; Owner: debug
--

SELECT pg_catalog.setval('public.cities_light_subregion_id_seq', 1, false);


--
-- Name: django_admin_log_id_seq; Type: SEQUENCE SET; Schema: public; Owner: debug
--

SELECT pg_catalog.setval('public.django_admin_log_id_seq', 1, false);


--
-- Name: django_content_type_id_seq; Type: SEQUENCE SET; Schema: public; Owner: debug
--

SELECT pg_catalog.setval('public.django_content_type_id_seq', 30, true);


--
-- Name: django_migrations_id_seq; Type: SEQUENCE SET; Schema: public; Owner: debug
--

SELECT pg_catalog.setval('public.django_migrations_id_seq', 58, true);


--
-- Name: django_site_id_seq; Type: SEQUENCE SET; Schema: public; Owner: debug
--

SELECT pg_catalog.setval('public.django_site_id_seq', 2, false);


--
-- Name: mfa_authenticator_id_seq; Type: SEQUENCE SET; Schema: public; Owner: debug
--

SELECT pg_catalog.setval('public.mfa_authenticator_id_seq', 1, false);


--
-- Name: profiles_profile_followed_users_id_seq; Type: SEQUENCE SET; Schema: public; Owner: debug
--

SELECT pg_catalog.setval('public.profiles_profile_followed_users_id_seq', 1, false);


--
-- Name: profiles_profile_friends_id_seq; Type: SEQUENCE SET; Schema: public; Owner: debug
--

SELECT pg_catalog.setval('public.profiles_profile_friends_id_seq', 1, false);


--
-- Name: profiles_profile_id_seq; Type: SEQUENCE SET; Schema: public; Owner: debug
--

SELECT pg_catalog.setval('public.profiles_profile_id_seq', 1, true);


--
-- Name: profiles_relationship_id_seq; Type: SEQUENCE SET; Schema: public; Owner: debug
--

SELECT pg_catalog.setval('public.profiles_relationship_id_seq', 1, false);


--
-- Name: socialaccount_socialaccount_id_seq; Type: SEQUENCE SET; Schema: public; Owner: debug
--

SELECT pg_catalog.setval('public.socialaccount_socialaccount_id_seq', 1, false);


--
-- Name: socialaccount_socialapp_id_seq; Type: SEQUENCE SET; Schema: public; Owner: debug
--

SELECT pg_catalog.setval('public.socialaccount_socialapp_id_seq', 1, false);


--
-- Name: socialaccount_socialapp_sites_id_seq; Type: SEQUENCE SET; Schema: public; Owner: debug
--

SELECT pg_catalog.setval('public.socialaccount_socialapp_sites_id_seq', 1, false);


--
-- Name: socialaccount_socialtoken_id_seq; Type: SEQUENCE SET; Schema: public; Owner: debug
--

SELECT pg_catalog.setval('public.socialaccount_socialtoken_id_seq', 1, false);


--
-- Name: topics_comment_id_seq; Type: SEQUENCE SET; Schema: public; Owner: debug
--

SELECT pg_catalog.setval('public.topics_comment_id_seq', 1, false);


--
-- Name: topics_customfield_id_seq; Type: SEQUENCE SET; Schema: public; Owner: debug
--

SELECT pg_catalog.setval('public.topics_customfield_id_seq', 1, false);


--
-- Name: topics_field_id_seq; Type: SEQUENCE SET; Schema: public; Owner: debug
--

SELECT pg_catalog.setval('public.topics_field_id_seq', 1, false);


--
-- Name: topics_joinrequest_id_seq; Type: SEQUENCE SET; Schema: public; Owner: debug
--

SELECT pg_catalog.setval('public.topics_joinrequest_id_seq', 1, false);


--
-- Name: topics_lang_id_seq; Type: SEQUENCE SET; Schema: public; Owner: debug
--

SELECT pg_catalog.setval('public.topics_lang_id_seq', 1, false);


--
-- Name: topics_like_id_seq; Type: SEQUENCE SET; Schema: public; Owner: debug
--

SELECT pg_catalog.setval('public.topics_like_id_seq', 1, false);


--
-- Name: topics_mycustomtimezones_id_seq; Type: SEQUENCE SET; Schema: public; Owner: debug
--

SELECT pg_catalog.setval('public.topics_mycustomtimezones_id_seq', 1, false);


--
-- Name: topics_subfield_id_seq; Type: SEQUENCE SET; Schema: public; Owner: debug
--

SELECT pg_catalog.setval('public.topics_subfield_id_seq', 1, false);


--
-- Name: topics_subfield_parent_field_id_seq; Type: SEQUENCE SET; Schema: public; Owner: debug
--

SELECT pg_catalog.setval('public.topics_subfield_parent_field_id_seq', 1, false);


--
-- Name: topics_topic_id_seq; Type: SEQUENCE SET; Schema: public; Owner: debug
--

SELECT pg_catalog.setval('public.topics_topic_id_seq', 1, false);


--
-- Name: topics_topic_liked_id_seq; Type: SEQUENCE SET; Schema: public; Owner: debug
--

SELECT pg_catalog.setval('public.topics_topic_liked_id_seq', 1, false);


--
-- Name: users_user_groups_id_seq; Type: SEQUENCE SET; Schema: public; Owner: debug
--

SELECT pg_catalog.setval('public.users_user_groups_id_seq', 1, false);


--
-- Name: users_user_id_seq; Type: SEQUENCE SET; Schema: public; Owner: debug
--

SELECT pg_catalog.setval('public.users_user_id_seq', 1, true);


--
-- Name: users_user_user_permissions_id_seq; Type: SEQUENCE SET; Schema: public; Owner: debug
--

SELECT pg_catalog.setval('public.users_user_user_permissions_id_seq', 1, false);


--
-- Name: account_emailaddress account_emailaddress_pkey; Type: CONSTRAINT; Schema: public; Owner: debug
--

ALTER TABLE ONLY public.account_emailaddress
    ADD CONSTRAINT account_emailaddress_pkey PRIMARY KEY (id);


--
-- Name: account_emailaddress account_emailaddress_user_id_email_987c8728_uniq; Type: CONSTRAINT; Schema: public; Owner: debug
--

ALTER TABLE ONLY public.account_emailaddress
    ADD CONSTRAINT account_emailaddress_user_id_email_987c8728_uniq UNIQUE (user_id, email);


--
-- Name: account_emailconfirmation account_emailconfirmation_key_key; Type: CONSTRAINT; Schema: public; Owner: debug
--

ALTER TABLE ONLY public.account_emailconfirmation
    ADD CONSTRAINT account_emailconfirmation_key_key UNIQUE (key);


--
-- Name: account_emailconfirmation account_emailconfirmation_pkey; Type: CONSTRAINT; Schema: public; Owner: debug
--

ALTER TABLE ONLY public.account_emailconfirmation
    ADD CONSTRAINT account_emailconfirmation_pkey PRIMARY KEY (id);


--
-- Name: auth_group auth_group_name_key; Type: CONSTRAINT; Schema: public; Owner: debug
--

ALTER TABLE ONLY public.auth_group
    ADD CONSTRAINT auth_group_name_key UNIQUE (name);


--
-- Name: auth_group_permissions auth_group_permissions_group_id_permission_id_0cd325b0_uniq; Type: CONSTRAINT; Schema: public; Owner: debug
--

ALTER TABLE ONLY public.auth_group_permissions
    ADD CONSTRAINT auth_group_permissions_group_id_permission_id_0cd325b0_uniq UNIQUE (group_id, permission_id);


--
-- Name: auth_group_permissions auth_group_permissions_pkey; Type: CONSTRAINT; Schema: public; Owner: debug
--

ALTER TABLE ONLY public.auth_group_permissions
    ADD CONSTRAINT auth_group_permissions_pkey PRIMARY KEY (id);


--
-- Name: auth_group auth_group_pkey; Type: CONSTRAINT; Schema: public; Owner: debug
--

ALTER TABLE ONLY public.auth_group
    ADD CONSTRAINT auth_group_pkey PRIMARY KEY (id);


--
-- Name: auth_permission auth_permission_content_type_id_codename_01ab375a_uniq; Type: CONSTRAINT; Schema: public; Owner: debug
--

ALTER TABLE ONLY public.auth_permission
    ADD CONSTRAINT auth_permission_content_type_id_codename_01ab375a_uniq UNIQUE (content_type_id, codename);


--
-- Name: auth_permission auth_permission_pkey; Type: CONSTRAINT; Schema: public; Owner: debug
--

ALTER TABLE ONLY public.auth_permission
    ADD CONSTRAINT auth_permission_pkey PRIMARY KEY (id);


--
-- Name: authtoken_token authtoken_token_pkey; Type: CONSTRAINT; Schema: public; Owner: debug
--

ALTER TABLE ONLY public.authtoken_token
    ADD CONSTRAINT authtoken_token_pkey PRIMARY KEY (key);


--
-- Name: authtoken_token authtoken_token_user_id_key; Type: CONSTRAINT; Schema: public; Owner: debug
--

ALTER TABLE ONLY public.authtoken_token
    ADD CONSTRAINT authtoken_token_user_id_key UNIQUE (user_id);


--
-- Name: cities_light_city cities_light_city_geoname_id_key; Type: CONSTRAINT; Schema: public; Owner: debug
--

ALTER TABLE ONLY public.cities_light_city
    ADD CONSTRAINT cities_light_city_geoname_id_key UNIQUE (geoname_id);


--
-- Name: cities_light_city cities_light_city_pkey; Type: CONSTRAINT; Schema: public; Owner: debug
--

ALTER TABLE ONLY public.cities_light_city
    ADD CONSTRAINT cities_light_city_pkey PRIMARY KEY (id);


--
-- Name: cities_light_city cities_light_city_region_id_subregion_id_name_cdfc77ea_uniq; Type: CONSTRAINT; Schema: public; Owner: debug
--

ALTER TABLE ONLY public.cities_light_city
    ADD CONSTRAINT cities_light_city_region_id_subregion_id_name_cdfc77ea_uniq UNIQUE (region_id, subregion_id, name);


--
-- Name: cities_light_city cities_light_city_region_id_subregion_id_slug_efb2e768_uniq; Type: CONSTRAINT; Schema: public; Owner: debug
--

ALTER TABLE ONLY public.cities_light_city
    ADD CONSTRAINT cities_light_city_region_id_subregion_id_slug_efb2e768_uniq UNIQUE (region_id, subregion_id, slug);


--
-- Name: cities_light_country cities_light_country_code2_key; Type: CONSTRAINT; Schema: public; Owner: debug
--

ALTER TABLE ONLY public.cities_light_country
    ADD CONSTRAINT cities_light_country_code2_key UNIQUE (code2);


--
-- Name: cities_light_country cities_light_country_code3_key; Type: CONSTRAINT; Schema: public; Owner: debug
--

ALTER TABLE ONLY public.cities_light_country
    ADD CONSTRAINT cities_light_country_code3_key UNIQUE (code3);


--
-- Name: cities_light_country cities_light_country_geoname_id_key; Type: CONSTRAINT; Schema: public; Owner: debug
--

ALTER TABLE ONLY public.cities_light_country
    ADD CONSTRAINT cities_light_country_geoname_id_key UNIQUE (geoname_id);


--
-- Name: cities_light_country cities_light_country_pkey; Type: CONSTRAINT; Schema: public; Owner: debug
--

ALTER TABLE ONLY public.cities_light_country
    ADD CONSTRAINT cities_light_country_pkey PRIMARY KEY (id);


--
-- Name: cities_light_region cities_light_region_country_id_name_6e5b3799_uniq; Type: CONSTRAINT; Schema: public; Owner: debug
--

ALTER TABLE ONLY public.cities_light_region
    ADD CONSTRAINT cities_light_region_country_id_name_6e5b3799_uniq UNIQUE (country_id, name);


--
-- Name: cities_light_region cities_light_region_country_id_slug_3dd02103_uniq; Type: CONSTRAINT; Schema: public; Owner: debug
--

ALTER TABLE ONLY public.cities_light_region
    ADD CONSTRAINT cities_light_region_country_id_slug_3dd02103_uniq UNIQUE (country_id, slug);


--
-- Name: cities_light_region cities_light_region_geoname_id_key; Type: CONSTRAINT; Schema: public; Owner: debug
--

ALTER TABLE ONLY public.cities_light_region
    ADD CONSTRAINT cities_light_region_geoname_id_key UNIQUE (geoname_id);


--
-- Name: cities_light_region cities_light_region_pkey; Type: CONSTRAINT; Schema: public; Owner: debug
--

ALTER TABLE ONLY public.cities_light_region
    ADD CONSTRAINT cities_light_region_pkey PRIMARY KEY (id);


--
-- Name: cities_light_subregion cities_light_subregion_geoname_id_key; Type: CONSTRAINT; Schema: public; Owner: debug
--

ALTER TABLE ONLY public.cities_light_subregion
    ADD CONSTRAINT cities_light_subregion_geoname_id_key UNIQUE (geoname_id);


--
-- Name: cities_light_subregion cities_light_subregion_pkey; Type: CONSTRAINT; Schema: public; Owner: debug
--

ALTER TABLE ONLY public.cities_light_subregion
    ADD CONSTRAINT cities_light_subregion_pkey PRIMARY KEY (id);


--
-- Name: django_admin_log django_admin_log_pkey; Type: CONSTRAINT; Schema: public; Owner: debug
--

ALTER TABLE ONLY public.django_admin_log
    ADD CONSTRAINT django_admin_log_pkey PRIMARY KEY (id);


--
-- Name: django_content_type django_content_type_app_label_model_76bd3d3b_uniq; Type: CONSTRAINT; Schema: public; Owner: debug
--

ALTER TABLE ONLY public.django_content_type
    ADD CONSTRAINT django_content_type_app_label_model_76bd3d3b_uniq UNIQUE (app_label, model);


--
-- Name: django_content_type django_content_type_pkey; Type: CONSTRAINT; Schema: public; Owner: debug
--

ALTER TABLE ONLY public.django_content_type
    ADD CONSTRAINT django_content_type_pkey PRIMARY KEY (id);


--
-- Name: django_migrations django_migrations_pkey; Type: CONSTRAINT; Schema: public; Owner: debug
--

ALTER TABLE ONLY public.django_migrations
    ADD CONSTRAINT django_migrations_pkey PRIMARY KEY (id);


--
-- Name: django_session django_session_pkey; Type: CONSTRAINT; Schema: public; Owner: debug
--

ALTER TABLE ONLY public.django_session
    ADD CONSTRAINT django_session_pkey PRIMARY KEY (session_key);


--
-- Name: django_site django_site_domain_a2e37b91_uniq; Type: CONSTRAINT; Schema: public; Owner: debug
--

ALTER TABLE ONLY public.django_site
    ADD CONSTRAINT django_site_domain_a2e37b91_uniq UNIQUE (domain);


--
-- Name: django_site django_site_pkey; Type: CONSTRAINT; Schema: public; Owner: debug
--

ALTER TABLE ONLY public.django_site
    ADD CONSTRAINT django_site_pkey PRIMARY KEY (id);


--
-- Name: mfa_authenticator mfa_authenticator_pkey; Type: CONSTRAINT; Schema: public; Owner: debug
--

ALTER TABLE ONLY public.mfa_authenticator
    ADD CONSTRAINT mfa_authenticator_pkey PRIMARY KEY (id);


--
-- Name: profiles_profile_followed_users profiles_profile_followe_profile_id_user_id_f7c078f9_uniq; Type: CONSTRAINT; Schema: public; Owner: debug
--

ALTER TABLE ONLY public.profiles_profile_followed_users
    ADD CONSTRAINT profiles_profile_followe_profile_id_user_id_f7c078f9_uniq UNIQUE (profile_id, user_id);


--
-- Name: profiles_profile_followed_users profiles_profile_followed_users_pkey; Type: CONSTRAINT; Schema: public; Owner: debug
--

ALTER TABLE ONLY public.profiles_profile_followed_users
    ADD CONSTRAINT profiles_profile_followed_users_pkey PRIMARY KEY (id);


--
-- Name: profiles_profile_friends profiles_profile_friends_pkey; Type: CONSTRAINT; Schema: public; Owner: debug
--

ALTER TABLE ONLY public.profiles_profile_friends
    ADD CONSTRAINT profiles_profile_friends_pkey PRIMARY KEY (id);


--
-- Name: profiles_profile_friends profiles_profile_friends_profile_id_user_id_b04f5799_uniq; Type: CONSTRAINT; Schema: public; Owner: debug
--

ALTER TABLE ONLY public.profiles_profile_friends
    ADD CONSTRAINT profiles_profile_friends_profile_id_user_id_b04f5799_uniq UNIQUE (profile_id, user_id);


--
-- Name: profiles_profile profiles_profile_pkey; Type: CONSTRAINT; Schema: public; Owner: debug
--

ALTER TABLE ONLY public.profiles_profile
    ADD CONSTRAINT profiles_profile_pkey PRIMARY KEY (id);


--
-- Name: profiles_profile profiles_profile_slug_key; Type: CONSTRAINT; Schema: public; Owner: debug
--

ALTER TABLE ONLY public.profiles_profile
    ADD CONSTRAINT profiles_profile_slug_key UNIQUE (slug);


--
-- Name: profiles_profile profiles_profile_user_id_key; Type: CONSTRAINT; Schema: public; Owner: debug
--

ALTER TABLE ONLY public.profiles_profile
    ADD CONSTRAINT profiles_profile_user_id_key UNIQUE (user_id);


--
-- Name: profiles_relationship profiles_relationship_pkey; Type: CONSTRAINT; Schema: public; Owner: debug
--

ALTER TABLE ONLY public.profiles_relationship
    ADD CONSTRAINT profiles_relationship_pkey PRIMARY KEY (id);


--
-- Name: socialaccount_socialaccount socialaccount_socialaccount_pkey; Type: CONSTRAINT; Schema: public; Owner: debug
--

ALTER TABLE ONLY public.socialaccount_socialaccount
    ADD CONSTRAINT socialaccount_socialaccount_pkey PRIMARY KEY (id);


--
-- Name: socialaccount_socialaccount socialaccount_socialaccount_provider_uid_fc810c6e_uniq; Type: CONSTRAINT; Schema: public; Owner: debug
--

ALTER TABLE ONLY public.socialaccount_socialaccount
    ADD CONSTRAINT socialaccount_socialaccount_provider_uid_fc810c6e_uniq UNIQUE (provider, uid);


--
-- Name: socialaccount_socialapp_sites socialaccount_socialapp__socialapp_id_site_id_71a9a768_uniq; Type: CONSTRAINT; Schema: public; Owner: debug
--

ALTER TABLE ONLY public.socialaccount_socialapp_sites
    ADD CONSTRAINT socialaccount_socialapp__socialapp_id_site_id_71a9a768_uniq UNIQUE (socialapp_id, site_id);


--
-- Name: socialaccount_socialapp socialaccount_socialapp_pkey; Type: CONSTRAINT; Schema: public; Owner: debug
--

ALTER TABLE ONLY public.socialaccount_socialapp
    ADD CONSTRAINT socialaccount_socialapp_pkey PRIMARY KEY (id);


--
-- Name: socialaccount_socialapp_sites socialaccount_socialapp_sites_pkey; Type: CONSTRAINT; Schema: public; Owner: debug
--

ALTER TABLE ONLY public.socialaccount_socialapp_sites
    ADD CONSTRAINT socialaccount_socialapp_sites_pkey PRIMARY KEY (id);


--
-- Name: socialaccount_socialtoken socialaccount_socialtoken_app_id_account_id_fca4e0ac_uniq; Type: CONSTRAINT; Schema: public; Owner: debug
--

ALTER TABLE ONLY public.socialaccount_socialtoken
    ADD CONSTRAINT socialaccount_socialtoken_app_id_account_id_fca4e0ac_uniq UNIQUE (app_id, account_id);


--
-- Name: socialaccount_socialtoken socialaccount_socialtoken_pkey; Type: CONSTRAINT; Schema: public; Owner: debug
--

ALTER TABLE ONLY public.socialaccount_socialtoken
    ADD CONSTRAINT socialaccount_socialtoken_pkey PRIMARY KEY (id);


--
-- Name: topics_comment topics_comment_pkey; Type: CONSTRAINT; Schema: public; Owner: debug
--

ALTER TABLE ONLY public.topics_comment
    ADD CONSTRAINT topics_comment_pkey PRIMARY KEY (id);


--
-- Name: topics_customfield topics_customfield_pkey; Type: CONSTRAINT; Schema: public; Owner: debug
--

ALTER TABLE ONLY public.topics_customfield
    ADD CONSTRAINT topics_customfield_pkey PRIMARY KEY (id);


--
-- Name: topics_field topics_field_pkey; Type: CONSTRAINT; Schema: public; Owner: debug
--

ALTER TABLE ONLY public.topics_field
    ADD CONSTRAINT topics_field_pkey PRIMARY KEY (id);


--
-- Name: topics_joinrequest topics_joinrequest_pkey; Type: CONSTRAINT; Schema: public; Owner: debug
--

ALTER TABLE ONLY public.topics_joinrequest
    ADD CONSTRAINT topics_joinrequest_pkey PRIMARY KEY (id);


--
-- Name: topics_lang topics_lang_pkey; Type: CONSTRAINT; Schema: public; Owner: debug
--

ALTER TABLE ONLY public.topics_lang
    ADD CONSTRAINT topics_lang_pkey PRIMARY KEY (id);


--
-- Name: topics_like topics_like_pkey; Type: CONSTRAINT; Schema: public; Owner: debug
--

ALTER TABLE ONLY public.topics_like
    ADD CONSTRAINT topics_like_pkey PRIMARY KEY (id);


--
-- Name: topics_mycustomtimezones topics_mycustomtimezones_pkey; Type: CONSTRAINT; Schema: public; Owner: debug
--

ALTER TABLE ONLY public.topics_mycustomtimezones
    ADD CONSTRAINT topics_mycustomtimezones_pkey PRIMARY KEY (id);


--
-- Name: topics_subfield_parent_field topics_subfield_parent_field_pkey; Type: CONSTRAINT; Schema: public; Owner: debug
--

ALTER TABLE ONLY public.topics_subfield_parent_field
    ADD CONSTRAINT topics_subfield_parent_field_pkey PRIMARY KEY (id);


--
-- Name: topics_subfield_parent_field topics_subfield_parent_field_subfield_id_field_id_6ce1328d_uniq; Type: CONSTRAINT; Schema: public; Owner: debug
--

ALTER TABLE ONLY public.topics_subfield_parent_field
    ADD CONSTRAINT topics_subfield_parent_field_subfield_id_field_id_6ce1328d_uniq UNIQUE (subfield_id, field_id);


--
-- Name: topics_subfield topics_subfield_pkey; Type: CONSTRAINT; Schema: public; Owner: debug
--

ALTER TABLE ONLY public.topics_subfield
    ADD CONSTRAINT topics_subfield_pkey PRIMARY KEY (id);


--
-- Name: topics_topic_liked topics_topic_liked_pkey; Type: CONSTRAINT; Schema: public; Owner: debug
--

ALTER TABLE ONLY public.topics_topic_liked
    ADD CONSTRAINT topics_topic_liked_pkey PRIMARY KEY (id);


--
-- Name: topics_topic_liked topics_topic_liked_topic_id_profile_id_de11709a_uniq; Type: CONSTRAINT; Schema: public; Owner: debug
--

ALTER TABLE ONLY public.topics_topic_liked
    ADD CONSTRAINT topics_topic_liked_topic_id_profile_id_de11709a_uniq UNIQUE (topic_id, profile_id);


--
-- Name: topics_topic topics_topic_pkey; Type: CONSTRAINT; Schema: public; Owner: debug
--

ALTER TABLE ONLY public.topics_topic
    ADD CONSTRAINT topics_topic_pkey PRIMARY KEY (id);


--
-- Name: users_user_groups users_user_groups_pkey; Type: CONSTRAINT; Schema: public; Owner: debug
--

ALTER TABLE ONLY public.users_user_groups
    ADD CONSTRAINT users_user_groups_pkey PRIMARY KEY (id);


--
-- Name: users_user_groups users_user_groups_user_id_group_id_b88eab82_uniq; Type: CONSTRAINT; Schema: public; Owner: debug
--

ALTER TABLE ONLY public.users_user_groups
    ADD CONSTRAINT users_user_groups_user_id_group_id_b88eab82_uniq UNIQUE (user_id, group_id);


--
-- Name: users_user users_user_pkey; Type: CONSTRAINT; Schema: public; Owner: debug
--

ALTER TABLE ONLY public.users_user
    ADD CONSTRAINT users_user_pkey PRIMARY KEY (id);


--
-- Name: users_user_user_permissions users_user_user_permissions_pkey; Type: CONSTRAINT; Schema: public; Owner: debug
--

ALTER TABLE ONLY public.users_user_user_permissions
    ADD CONSTRAINT users_user_user_permissions_pkey PRIMARY KEY (id);


--
-- Name: users_user_user_permissions users_user_user_permissions_user_id_permission_id_43338c45_uniq; Type: CONSTRAINT; Schema: public; Owner: debug
--

ALTER TABLE ONLY public.users_user_user_permissions
    ADD CONSTRAINT users_user_user_permissions_user_id_permission_id_43338c45_uniq UNIQUE (user_id, permission_id);


--
-- Name: users_user users_user_username_key; Type: CONSTRAINT; Schema: public; Owner: debug
--

ALTER TABLE ONLY public.users_user
    ADD CONSTRAINT users_user_username_key UNIQUE (username);


--
-- Name: account_emailaddress_email_03be32b2; Type: INDEX; Schema: public; Owner: debug
--

CREATE INDEX account_emailaddress_email_03be32b2 ON public.account_emailaddress USING btree (email);


--
-- Name: account_emailaddress_email_03be32b2_like; Type: INDEX; Schema: public; Owner: debug
--

CREATE INDEX account_emailaddress_email_03be32b2_like ON public.account_emailaddress USING btree (email varchar_pattern_ops);


--
-- Name: account_emailaddress_user_id_2c513194; Type: INDEX; Schema: public; Owner: debug
--

CREATE INDEX account_emailaddress_user_id_2c513194 ON public.account_emailaddress USING btree (user_id);


--
-- Name: account_emailconfirmation_email_address_id_5b7f8c58; Type: INDEX; Schema: public; Owner: debug
--

CREATE INDEX account_emailconfirmation_email_address_id_5b7f8c58 ON public.account_emailconfirmation USING btree (email_address_id);


--
-- Name: account_emailconfirmation_key_f43612bd_like; Type: INDEX; Schema: public; Owner: debug
--

CREATE INDEX account_emailconfirmation_key_f43612bd_like ON public.account_emailconfirmation USING btree (key varchar_pattern_ops);


--
-- Name: auth_group_name_a6ea08ec_like; Type: INDEX; Schema: public; Owner: debug
--

CREATE INDEX auth_group_name_a6ea08ec_like ON public.auth_group USING btree (name varchar_pattern_ops);


--
-- Name: auth_group_permissions_group_id_b120cbf9; Type: INDEX; Schema: public; Owner: debug
--

CREATE INDEX auth_group_permissions_group_id_b120cbf9 ON public.auth_group_permissions USING btree (group_id);


--
-- Name: auth_group_permissions_permission_id_84c5c92e; Type: INDEX; Schema: public; Owner: debug
--

CREATE INDEX auth_group_permissions_permission_id_84c5c92e ON public.auth_group_permissions USING btree (permission_id);


--
-- Name: auth_permission_content_type_id_2f476e4b; Type: INDEX; Schema: public; Owner: debug
--

CREATE INDEX auth_permission_content_type_id_2f476e4b ON public.auth_permission USING btree (content_type_id);


--
-- Name: authtoken_token_key_10f0b77e_like; Type: INDEX; Schema: public; Owner: debug
--

CREATE INDEX authtoken_token_key_10f0b77e_like ON public.authtoken_token USING btree (key varchar_pattern_ops);


--
-- Name: cities_light_city_country_id_cf310fd2; Type: INDEX; Schema: public; Owner: debug
--

CREATE INDEX cities_light_city_country_id_cf310fd2 ON public.cities_light_city USING btree (country_id);


--
-- Name: cities_light_city_feature_code_d43c9217; Type: INDEX; Schema: public; Owner: debug
--

CREATE INDEX cities_light_city_feature_code_d43c9217 ON public.cities_light_city USING btree (feature_code);


--
-- Name: cities_light_city_feature_code_d43c9217_like; Type: INDEX; Schema: public; Owner: debug
--

CREATE INDEX cities_light_city_feature_code_d43c9217_like ON public.cities_light_city USING btree (feature_code varchar_pattern_ops);


--
-- Name: cities_light_city_name_4859e2a5; Type: INDEX; Schema: public; Owner: debug
--

CREATE INDEX cities_light_city_name_4859e2a5 ON public.cities_light_city USING btree (name);


--
-- Name: cities_light_city_name_4859e2a5_like; Type: INDEX; Schema: public; Owner: debug
--

CREATE INDEX cities_light_city_name_4859e2a5_like ON public.cities_light_city USING btree (name varchar_pattern_ops);


--
-- Name: cities_light_city_name_ascii_1e56323b; Type: INDEX; Schema: public; Owner: debug
--

CREATE INDEX cities_light_city_name_ascii_1e56323b ON public.cities_light_city USING btree (name_ascii);


--
-- Name: cities_light_city_name_ascii_1e56323b_like; Type: INDEX; Schema: public; Owner: debug
--

CREATE INDEX cities_light_city_name_ascii_1e56323b_like ON public.cities_light_city USING btree (name_ascii varchar_pattern_ops);


--
-- Name: cities_light_city_population_d597eeb6; Type: INDEX; Schema: public; Owner: debug
--

CREATE INDEX cities_light_city_population_d597eeb6 ON public.cities_light_city USING btree (population);


--
-- Name: cities_light_city_region_id_f7ab977b; Type: INDEX; Schema: public; Owner: debug
--

CREATE INDEX cities_light_city_region_id_f7ab977b ON public.cities_light_city USING btree (region_id);


--
-- Name: cities_light_city_slug_cb2251f8; Type: INDEX; Schema: public; Owner: debug
--

CREATE INDEX cities_light_city_slug_cb2251f8 ON public.cities_light_city USING btree (slug);


--
-- Name: cities_light_city_slug_cb2251f8_like; Type: INDEX; Schema: public; Owner: debug
--

CREATE INDEX cities_light_city_slug_cb2251f8_like ON public.cities_light_city USING btree (slug varchar_pattern_ops);


--
-- Name: cities_light_city_subregion_id_0926d2ad; Type: INDEX; Schema: public; Owner: debug
--

CREATE INDEX cities_light_city_subregion_id_0926d2ad ON public.cities_light_city USING btree (subregion_id);


--
-- Name: cities_light_city_timezone_0fb51b1e; Type: INDEX; Schema: public; Owner: debug
--

CREATE INDEX cities_light_city_timezone_0fb51b1e ON public.cities_light_city USING btree (timezone);


--
-- Name: cities_light_city_timezone_0fb51b1e_like; Type: INDEX; Schema: public; Owner: debug
--

CREATE INDEX cities_light_city_timezone_0fb51b1e_like ON public.cities_light_city USING btree (timezone varchar_pattern_ops);


--
-- Name: cities_light_country_code2_69c32e9a_like; Type: INDEX; Schema: public; Owner: debug
--

CREATE INDEX cities_light_country_code2_69c32e9a_like ON public.cities_light_country USING btree (code2 varchar_pattern_ops);


--
-- Name: cities_light_country_code3_89d251fa_like; Type: INDEX; Schema: public; Owner: debug
--

CREATE INDEX cities_light_country_code3_89d251fa_like ON public.cities_light_country USING btree (code3 varchar_pattern_ops);


--
-- Name: cities_light_country_continent_e2c412a4; Type: INDEX; Schema: public; Owner: debug
--

CREATE INDEX cities_light_country_continent_e2c412a4 ON public.cities_light_country USING btree (continent);


--
-- Name: cities_light_country_continent_e2c412a4_like; Type: INDEX; Schema: public; Owner: debug
--

CREATE INDEX cities_light_country_continent_e2c412a4_like ON public.cities_light_country USING btree (continent varchar_pattern_ops);


--
-- Name: cities_light_country_name_1d61d0d2; Type: INDEX; Schema: public; Owner: debug
--

CREATE INDEX cities_light_country_name_1d61d0d2 ON public.cities_light_country USING btree (name);


--
-- Name: cities_light_country_name_1d61d0d2_like; Type: INDEX; Schema: public; Owner: debug
--

CREATE INDEX cities_light_country_name_1d61d0d2_like ON public.cities_light_country USING btree (name varchar_pattern_ops);


--
-- Name: cities_light_country_name_ascii_648cc5e3; Type: INDEX; Schema: public; Owner: debug
--

CREATE INDEX cities_light_country_name_ascii_648cc5e3 ON public.cities_light_country USING btree (name_ascii);


--
-- Name: cities_light_country_name_ascii_648cc5e3_like; Type: INDEX; Schema: public; Owner: debug
--

CREATE INDEX cities_light_country_name_ascii_648cc5e3_like ON public.cities_light_country USING btree (name_ascii varchar_pattern_ops);


--
-- Name: cities_light_country_slug_3707a22c; Type: INDEX; Schema: public; Owner: debug
--

CREATE INDEX cities_light_country_slug_3707a22c ON public.cities_light_country USING btree (slug);


--
-- Name: cities_light_country_slug_3707a22c_like; Type: INDEX; Schema: public; Owner: debug
--

CREATE INDEX cities_light_country_slug_3707a22c_like ON public.cities_light_country USING btree (slug varchar_pattern_ops);


--
-- Name: cities_light_country_tld_1fb2faaa; Type: INDEX; Schema: public; Owner: debug
--

CREATE INDEX cities_light_country_tld_1fb2faaa ON public.cities_light_country USING btree (tld);


--
-- Name: cities_light_country_tld_1fb2faaa_like; Type: INDEX; Schema: public; Owner: debug
--

CREATE INDEX cities_light_country_tld_1fb2faaa_like ON public.cities_light_country USING btree (tld varchar_pattern_ops);


--
-- Name: cities_light_region_country_id_b2782d49; Type: INDEX; Schema: public; Owner: debug
--

CREATE INDEX cities_light_region_country_id_b2782d49 ON public.cities_light_region USING btree (country_id);


--
-- Name: cities_light_region_geoname_code_1b0d4e58; Type: INDEX; Schema: public; Owner: debug
--

CREATE INDEX cities_light_region_geoname_code_1b0d4e58 ON public.cities_light_region USING btree (geoname_code);


--
-- Name: cities_light_region_geoname_code_1b0d4e58_like; Type: INDEX; Schema: public; Owner: debug
--

CREATE INDEX cities_light_region_geoname_code_1b0d4e58_like ON public.cities_light_region USING btree (geoname_code varchar_pattern_ops);


--
-- Name: cities_light_region_name_775f9496; Type: INDEX; Schema: public; Owner: debug
--

CREATE INDEX cities_light_region_name_775f9496 ON public.cities_light_region USING btree (name);


--
-- Name: cities_light_region_name_775f9496_like; Type: INDEX; Schema: public; Owner: debug
--

CREATE INDEX cities_light_region_name_775f9496_like ON public.cities_light_region USING btree (name varchar_pattern_ops);


--
-- Name: cities_light_region_name_ascii_f085cb82; Type: INDEX; Schema: public; Owner: debug
--

CREATE INDEX cities_light_region_name_ascii_f085cb82 ON public.cities_light_region USING btree (name_ascii);


--
-- Name: cities_light_region_name_ascii_f085cb82_like; Type: INDEX; Schema: public; Owner: debug
--

CREATE INDEX cities_light_region_name_ascii_f085cb82_like ON public.cities_light_region USING btree (name_ascii varchar_pattern_ops);


--
-- Name: cities_light_region_slug_1653969f; Type: INDEX; Schema: public; Owner: debug
--

CREATE INDEX cities_light_region_slug_1653969f ON public.cities_light_region USING btree (slug);


--
-- Name: cities_light_region_slug_1653969f_like; Type: INDEX; Schema: public; Owner: debug
--

CREATE INDEX cities_light_region_slug_1653969f_like ON public.cities_light_region USING btree (slug varchar_pattern_ops);


--
-- Name: cities_light_subregion_country_id_9b32b484; Type: INDEX; Schema: public; Owner: debug
--

CREATE INDEX cities_light_subregion_country_id_9b32b484 ON public.cities_light_subregion USING btree (country_id);


--
-- Name: cities_light_subregion_geoname_code_843acdc3; Type: INDEX; Schema: public; Owner: debug
--

CREATE INDEX cities_light_subregion_geoname_code_843acdc3 ON public.cities_light_subregion USING btree (geoname_code);


--
-- Name: cities_light_subregion_geoname_code_843acdc3_like; Type: INDEX; Schema: public; Owner: debug
--

CREATE INDEX cities_light_subregion_geoname_code_843acdc3_like ON public.cities_light_subregion USING btree (geoname_code varchar_pattern_ops);


--
-- Name: cities_light_subregion_name_2882337e; Type: INDEX; Schema: public; Owner: debug
--

CREATE INDEX cities_light_subregion_name_2882337e ON public.cities_light_subregion USING btree (name);


--
-- Name: cities_light_subregion_name_2882337e_like; Type: INDEX; Schema: public; Owner: debug
--

CREATE INDEX cities_light_subregion_name_2882337e_like ON public.cities_light_subregion USING btree (name varchar_pattern_ops);


--
-- Name: cities_light_subregion_name_ascii_ecf9a336; Type: INDEX; Schema: public; Owner: debug
--

CREATE INDEX cities_light_subregion_name_ascii_ecf9a336 ON public.cities_light_subregion USING btree (name_ascii);


--
-- Name: cities_light_subregion_name_ascii_ecf9a336_like; Type: INDEX; Schema: public; Owner: debug
--

CREATE INDEX cities_light_subregion_name_ascii_ecf9a336_like ON public.cities_light_subregion USING btree (name_ascii varchar_pattern_ops);


--
-- Name: cities_light_subregion_region_id_c6e0b71f; Type: INDEX; Schema: public; Owner: debug
--

CREATE INDEX cities_light_subregion_region_id_c6e0b71f ON public.cities_light_subregion USING btree (region_id);


--
-- Name: cities_light_subregion_slug_43494546; Type: INDEX; Schema: public; Owner: debug
--

CREATE INDEX cities_light_subregion_slug_43494546 ON public.cities_light_subregion USING btree (slug);


--
-- Name: cities_light_subregion_slug_43494546_like; Type: INDEX; Schema: public; Owner: debug
--

CREATE INDEX cities_light_subregion_slug_43494546_like ON public.cities_light_subregion USING btree (slug varchar_pattern_ops);


--
-- Name: django_admin_log_content_type_id_c4bce8eb; Type: INDEX; Schema: public; Owner: debug
--

CREATE INDEX django_admin_log_content_type_id_c4bce8eb ON public.django_admin_log USING btree (content_type_id);


--
-- Name: django_admin_log_user_id_c564eba6; Type: INDEX; Schema: public; Owner: debug
--

CREATE INDEX django_admin_log_user_id_c564eba6 ON public.django_admin_log USING btree (user_id);


--
-- Name: django_session_expire_date_a5c62663; Type: INDEX; Schema: public; Owner: debug
--

CREATE INDEX django_session_expire_date_a5c62663 ON public.django_session USING btree (expire_date);


--
-- Name: django_session_session_key_c0390e0f_like; Type: INDEX; Schema: public; Owner: debug
--

CREATE INDEX django_session_session_key_c0390e0f_like ON public.django_session USING btree (session_key varchar_pattern_ops);


--
-- Name: django_site_domain_a2e37b91_like; Type: INDEX; Schema: public; Owner: debug
--

CREATE INDEX django_site_domain_a2e37b91_like ON public.django_site USING btree (domain varchar_pattern_ops);


--
-- Name: mfa_authenticator_user_id_0c3a50c0; Type: INDEX; Schema: public; Owner: debug
--

CREATE INDEX mfa_authenticator_user_id_0c3a50c0 ON public.mfa_authenticator USING btree (user_id);


--
-- Name: profiles_profile_followed_users_profile_id_f305d606; Type: INDEX; Schema: public; Owner: debug
--

CREATE INDEX profiles_profile_followed_users_profile_id_f305d606 ON public.profiles_profile_followed_users USING btree (profile_id);


--
-- Name: profiles_profile_followed_users_user_id_ed19f725; Type: INDEX; Schema: public; Owner: debug
--

CREATE INDEX profiles_profile_followed_users_user_id_ed19f725 ON public.profiles_profile_followed_users USING btree (user_id);


--
-- Name: profiles_profile_friends_profile_id_1b1360a5; Type: INDEX; Schema: public; Owner: debug
--

CREATE INDEX profiles_profile_friends_profile_id_1b1360a5 ON public.profiles_profile_friends USING btree (profile_id);


--
-- Name: profiles_profile_friends_user_id_36beac75; Type: INDEX; Schema: public; Owner: debug
--

CREATE INDEX profiles_profile_friends_user_id_36beac75 ON public.profiles_profile_friends USING btree (user_id);


--
-- Name: profiles_profile_slug_552b86bf_like; Type: INDEX; Schema: public; Owner: debug
--

CREATE INDEX profiles_profile_slug_552b86bf_like ON public.profiles_profile USING btree (slug varchar_pattern_ops);


--
-- Name: profiles_relationship_receiver_id_4cf7ca92; Type: INDEX; Schema: public; Owner: debug
--

CREATE INDEX profiles_relationship_receiver_id_4cf7ca92 ON public.profiles_relationship USING btree (receiver_id);


--
-- Name: profiles_relationship_sender_id_a2ce5bf6; Type: INDEX; Schema: public; Owner: debug
--

CREATE INDEX profiles_relationship_sender_id_a2ce5bf6 ON public.profiles_relationship USING btree (sender_id);


--
-- Name: socialaccount_socialaccount_user_id_8146e70c; Type: INDEX; Schema: public; Owner: debug
--

CREATE INDEX socialaccount_socialaccount_user_id_8146e70c ON public.socialaccount_socialaccount USING btree (user_id);


--
-- Name: socialaccount_socialapp_sites_site_id_2579dee5; Type: INDEX; Schema: public; Owner: debug
--

CREATE INDEX socialaccount_socialapp_sites_site_id_2579dee5 ON public.socialaccount_socialapp_sites USING btree (site_id);


--
-- Name: socialaccount_socialapp_sites_socialapp_id_97fb6e7d; Type: INDEX; Schema: public; Owner: debug
--

CREATE INDEX socialaccount_socialapp_sites_socialapp_id_97fb6e7d ON public.socialaccount_socialapp_sites USING btree (socialapp_id);


--
-- Name: socialaccount_socialtoken_account_id_951f210e; Type: INDEX; Schema: public; Owner: debug
--

CREATE INDEX socialaccount_socialtoken_account_id_951f210e ON public.socialaccount_socialtoken USING btree (account_id);


--
-- Name: socialaccount_socialtoken_app_id_636a42d7; Type: INDEX; Schema: public; Owner: debug
--

CREATE INDEX socialaccount_socialtoken_app_id_636a42d7 ON public.socialaccount_socialtoken USING btree (app_id);


--
-- Name: topics_comment_topic_id_471a8553; Type: INDEX; Schema: public; Owner: debug
--

CREATE INDEX topics_comment_topic_id_471a8553 ON public.topics_comment USING btree (topic_id);


--
-- Name: topics_comment_user_id_c2724e91; Type: INDEX; Schema: public; Owner: debug
--

CREATE INDEX topics_comment_user_id_c2724e91 ON public.topics_comment USING btree (user_id);


--
-- Name: topics_customfield_parent_field_id_62a91eb0; Type: INDEX; Schema: public; Owner: debug
--

CREATE INDEX topics_customfield_parent_field_id_62a91eb0 ON public.topics_customfield USING btree (parent_field_id);


--
-- Name: topics_joinrequest_topic_id_0fc9b1c8; Type: INDEX; Schema: public; Owner: debug
--

CREATE INDEX topics_joinrequest_topic_id_0fc9b1c8 ON public.topics_joinrequest USING btree (topic_id);


--
-- Name: topics_joinrequest_user_id_041cbf00; Type: INDEX; Schema: public; Owner: debug
--

CREATE INDEX topics_joinrequest_user_id_041cbf00 ON public.topics_joinrequest USING btree (user_id);


--
-- Name: topics_like_topic_id_aa09ae90; Type: INDEX; Schema: public; Owner: debug
--

CREATE INDEX topics_like_topic_id_aa09ae90 ON public.topics_like USING btree (topic_id);


--
-- Name: topics_like_user_id_83d9a1b6; Type: INDEX; Schema: public; Owner: debug
--

CREATE INDEX topics_like_user_id_83d9a1b6 ON public.topics_like USING btree (user_id);


--
-- Name: topics_subfield_parent_field_field_id_608a37cb; Type: INDEX; Schema: public; Owner: debug
--

CREATE INDEX topics_subfield_parent_field_field_id_608a37cb ON public.topics_subfield_parent_field USING btree (field_id);


--
-- Name: topics_subfield_parent_field_subfield_id_6d9549c2; Type: INDEX; Schema: public; Owner: debug
--

CREATE INDEX topics_subfield_parent_field_subfield_id_6d9549c2 ON public.topics_subfield_parent_field USING btree (subfield_id);


--
-- Name: topics_topic_field_id_1fc43cf6; Type: INDEX; Schema: public; Owner: debug
--

CREATE INDEX topics_topic_field_id_1fc43cf6 ON public.topics_topic USING btree (field_id);


--
-- Name: topics_topic_language_id_c47a60d0; Type: INDEX; Schema: public; Owner: debug
--

CREATE INDEX topics_topic_language_id_c47a60d0 ON public.topics_topic USING btree (language_id);


--
-- Name: topics_topic_liked_profile_id_8dcf3de0; Type: INDEX; Schema: public; Owner: debug
--

CREATE INDEX topics_topic_liked_profile_id_8dcf3de0 ON public.topics_topic_liked USING btree (profile_id);


--
-- Name: topics_topic_liked_topic_id_329e7eb4; Type: INDEX; Schema: public; Owner: debug
--

CREATE INDEX topics_topic_liked_topic_id_329e7eb4 ON public.topics_topic_liked USING btree (topic_id);


--
-- Name: topics_topic_location_country_id_e1be430e; Type: INDEX; Schema: public; Owner: debug
--

CREATE INDEX topics_topic_location_country_id_e1be430e ON public.topics_topic USING btree (location_country_id);


--
-- Name: topics_topic_poster_id_699d0489; Type: INDEX; Schema: public; Owner: debug
--

CREATE INDEX topics_topic_poster_id_699d0489 ON public.topics_topic USING btree (poster_id);


--
-- Name: topics_topic_subfield_id_6cfc0075; Type: INDEX; Schema: public; Owner: debug
--

CREATE INDEX topics_topic_subfield_id_6cfc0075 ON public.topics_topic USING btree (subfield_id);


--
-- Name: topics_topic_time_zone_id_28381129; Type: INDEX; Schema: public; Owner: debug
--

CREATE INDEX topics_topic_time_zone_id_28381129 ON public.topics_topic USING btree (time_zone_id);


--
-- Name: unique_authenticator_type; Type: INDEX; Schema: public; Owner: debug
--

CREATE UNIQUE INDEX unique_authenticator_type ON public.mfa_authenticator USING btree (user_id, type) WHERE ((type)::text = ANY ((ARRAY['totp'::character varying, 'recovery_codes'::character varying])::text[]));


--
-- Name: unique_primary_email; Type: INDEX; Schema: public; Owner: debug
--

CREATE UNIQUE INDEX unique_primary_email ON public.account_emailaddress USING btree (user_id, "primary") WHERE "primary";


--
-- Name: unique_verified_email; Type: INDEX; Schema: public; Owner: debug
--

CREATE UNIQUE INDEX unique_verified_email ON public.account_emailaddress USING btree (email) WHERE verified;


--
-- Name: users_user_groups_group_id_9afc8d0e; Type: INDEX; Schema: public; Owner: debug
--

CREATE INDEX users_user_groups_group_id_9afc8d0e ON public.users_user_groups USING btree (group_id);


--
-- Name: users_user_groups_user_id_5f6f5a90; Type: INDEX; Schema: public; Owner: debug
--

CREATE INDEX users_user_groups_user_id_5f6f5a90 ON public.users_user_groups USING btree (user_id);


--
-- Name: users_user_user_permissions_permission_id_0b93982e; Type: INDEX; Schema: public; Owner: debug
--

CREATE INDEX users_user_user_permissions_permission_id_0b93982e ON public.users_user_user_permissions USING btree (permission_id);


--
-- Name: users_user_user_permissions_user_id_20aca447; Type: INDEX; Schema: public; Owner: debug
--

CREATE INDEX users_user_user_permissions_user_id_20aca447 ON public.users_user_user_permissions USING btree (user_id);


--
-- Name: users_user_username_06e46fe6_like; Type: INDEX; Schema: public; Owner: debug
--

CREATE INDEX users_user_username_06e46fe6_like ON public.users_user USING btree (username varchar_pattern_ops);


--
-- Name: account_emailaddress account_emailaddress_user_id_2c513194_fk_users_user_id; Type: FK CONSTRAINT; Schema: public; Owner: debug
--

ALTER TABLE ONLY public.account_emailaddress
    ADD CONSTRAINT account_emailaddress_user_id_2c513194_fk_users_user_id FOREIGN KEY (user_id) REFERENCES public.users_user(id) DEFERRABLE INITIALLY DEFERRED;


--
-- Name: account_emailconfirmation account_emailconfirm_email_address_id_5b7f8c58_fk_account_e; Type: FK CONSTRAINT; Schema: public; Owner: debug
--

ALTER TABLE ONLY public.account_emailconfirmation
    ADD CONSTRAINT account_emailconfirm_email_address_id_5b7f8c58_fk_account_e FOREIGN KEY (email_address_id) REFERENCES public.account_emailaddress(id) DEFERRABLE INITIALLY DEFERRED;


--
-- Name: auth_group_permissions auth_group_permissio_permission_id_84c5c92e_fk_auth_perm; Type: FK CONSTRAINT; Schema: public; Owner: debug
--

ALTER TABLE ONLY public.auth_group_permissions
    ADD CONSTRAINT auth_group_permissio_permission_id_84c5c92e_fk_auth_perm FOREIGN KEY (permission_id) REFERENCES public.auth_permission(id) DEFERRABLE INITIALLY DEFERRED;


--
-- Name: auth_group_permissions auth_group_permissions_group_id_b120cbf9_fk_auth_group_id; Type: FK CONSTRAINT; Schema: public; Owner: debug
--

ALTER TABLE ONLY public.auth_group_permissions
    ADD CONSTRAINT auth_group_permissions_group_id_b120cbf9_fk_auth_group_id FOREIGN KEY (group_id) REFERENCES public.auth_group(id) DEFERRABLE INITIALLY DEFERRED;


--
-- Name: auth_permission auth_permission_content_type_id_2f476e4b_fk_django_co; Type: FK CONSTRAINT; Schema: public; Owner: debug
--

ALTER TABLE ONLY public.auth_permission
    ADD CONSTRAINT auth_permission_content_type_id_2f476e4b_fk_django_co FOREIGN KEY (content_type_id) REFERENCES public.django_content_type(id) DEFERRABLE INITIALLY DEFERRED;


--
-- Name: authtoken_token authtoken_token_user_id_35299eff_fk_users_user_id; Type: FK CONSTRAINT; Schema: public; Owner: debug
--

ALTER TABLE ONLY public.authtoken_token
    ADD CONSTRAINT authtoken_token_user_id_35299eff_fk_users_user_id FOREIGN KEY (user_id) REFERENCES public.users_user(id) DEFERRABLE INITIALLY DEFERRED;


--
-- Name: cities_light_city cities_light_city_country_id_cf310fd2_fk_cities_li; Type: FK CONSTRAINT; Schema: public; Owner: debug
--

ALTER TABLE ONLY public.cities_light_city
    ADD CONSTRAINT cities_light_city_country_id_cf310fd2_fk_cities_li FOREIGN KEY (country_id) REFERENCES public.cities_light_country(id) DEFERRABLE INITIALLY DEFERRED;


--
-- Name: cities_light_city cities_light_city_region_id_f7ab977b_fk_cities_light_region_id; Type: FK CONSTRAINT; Schema: public; Owner: debug
--

ALTER TABLE ONLY public.cities_light_city
    ADD CONSTRAINT cities_light_city_region_id_f7ab977b_fk_cities_light_region_id FOREIGN KEY (region_id) REFERENCES public.cities_light_region(id) DEFERRABLE INITIALLY DEFERRED;


--
-- Name: cities_light_city cities_light_city_subregion_id_0926d2ad_fk_cities_li; Type: FK CONSTRAINT; Schema: public; Owner: debug
--

ALTER TABLE ONLY public.cities_light_city
    ADD CONSTRAINT cities_light_city_subregion_id_0926d2ad_fk_cities_li FOREIGN KEY (subregion_id) REFERENCES public.cities_light_subregion(id) DEFERRABLE INITIALLY DEFERRED;


--
-- Name: cities_light_region cities_light_region_country_id_b2782d49_fk_cities_li; Type: FK CONSTRAINT; Schema: public; Owner: debug
--

ALTER TABLE ONLY public.cities_light_region
    ADD CONSTRAINT cities_light_region_country_id_b2782d49_fk_cities_li FOREIGN KEY (country_id) REFERENCES public.cities_light_country(id) DEFERRABLE INITIALLY DEFERRED;


--
-- Name: cities_light_subregion cities_light_subregi_country_id_9b32b484_fk_cities_li; Type: FK CONSTRAINT; Schema: public; Owner: debug
--

ALTER TABLE ONLY public.cities_light_subregion
    ADD CONSTRAINT cities_light_subregi_country_id_9b32b484_fk_cities_li FOREIGN KEY (country_id) REFERENCES public.cities_light_country(id) DEFERRABLE INITIALLY DEFERRED;


--
-- Name: cities_light_subregion cities_light_subregi_region_id_c6e0b71f_fk_cities_li; Type: FK CONSTRAINT; Schema: public; Owner: debug
--

ALTER TABLE ONLY public.cities_light_subregion
    ADD CONSTRAINT cities_light_subregi_region_id_c6e0b71f_fk_cities_li FOREIGN KEY (region_id) REFERENCES public.cities_light_region(id) DEFERRABLE INITIALLY DEFERRED;


--
-- Name: django_admin_log django_admin_log_content_type_id_c4bce8eb_fk_django_co; Type: FK CONSTRAINT; Schema: public; Owner: debug
--

ALTER TABLE ONLY public.django_admin_log
    ADD CONSTRAINT django_admin_log_content_type_id_c4bce8eb_fk_django_co FOREIGN KEY (content_type_id) REFERENCES public.django_content_type(id) DEFERRABLE INITIALLY DEFERRED;


--
-- Name: django_admin_log django_admin_log_user_id_c564eba6_fk_users_user_id; Type: FK CONSTRAINT; Schema: public; Owner: debug
--

ALTER TABLE ONLY public.django_admin_log
    ADD CONSTRAINT django_admin_log_user_id_c564eba6_fk_users_user_id FOREIGN KEY (user_id) REFERENCES public.users_user(id) DEFERRABLE INITIALLY DEFERRED;


--
-- Name: mfa_authenticator mfa_authenticator_user_id_0c3a50c0_fk_users_user_id; Type: FK CONSTRAINT; Schema: public; Owner: debug
--

ALTER TABLE ONLY public.mfa_authenticator
    ADD CONSTRAINT mfa_authenticator_user_id_0c3a50c0_fk_users_user_id FOREIGN KEY (user_id) REFERENCES public.users_user(id) DEFERRABLE INITIALLY DEFERRED;


--
-- Name: profiles_profile_followed_users profiles_profile_fol_profile_id_f305d606_fk_profiles_; Type: FK CONSTRAINT; Schema: public; Owner: debug
--

ALTER TABLE ONLY public.profiles_profile_followed_users
    ADD CONSTRAINT profiles_profile_fol_profile_id_f305d606_fk_profiles_ FOREIGN KEY (profile_id) REFERENCES public.profiles_profile(id) DEFERRABLE INITIALLY DEFERRED;


--
-- Name: profiles_profile_followed_users profiles_profile_fol_user_id_ed19f725_fk_users_use; Type: FK CONSTRAINT; Schema: public; Owner: debug
--

ALTER TABLE ONLY public.profiles_profile_followed_users
    ADD CONSTRAINT profiles_profile_fol_user_id_ed19f725_fk_users_use FOREIGN KEY (user_id) REFERENCES public.users_user(id) DEFERRABLE INITIALLY DEFERRED;


--
-- Name: profiles_profile_friends profiles_profile_fri_profile_id_1b1360a5_fk_profiles_; Type: FK CONSTRAINT; Schema: public; Owner: debug
--

ALTER TABLE ONLY public.profiles_profile_friends
    ADD CONSTRAINT profiles_profile_fri_profile_id_1b1360a5_fk_profiles_ FOREIGN KEY (profile_id) REFERENCES public.profiles_profile(id) DEFERRABLE INITIALLY DEFERRED;


--
-- Name: profiles_profile_friends profiles_profile_friends_user_id_36beac75_fk_users_user_id; Type: FK CONSTRAINT; Schema: public; Owner: debug
--

ALTER TABLE ONLY public.profiles_profile_friends
    ADD CONSTRAINT profiles_profile_friends_user_id_36beac75_fk_users_user_id FOREIGN KEY (user_id) REFERENCES public.users_user(id) DEFERRABLE INITIALLY DEFERRED;


--
-- Name: profiles_profile profiles_profile_user_id_a3e81f91_fk_users_user_id; Type: FK CONSTRAINT; Schema: public; Owner: debug
--

ALTER TABLE ONLY public.profiles_profile
    ADD CONSTRAINT profiles_profile_user_id_a3e81f91_fk_users_user_id FOREIGN KEY (user_id) REFERENCES public.users_user(id) DEFERRABLE INITIALLY DEFERRED;


--
-- Name: profiles_relationship profiles_relationshi_receiver_id_4cf7ca92_fk_profiles_; Type: FK CONSTRAINT; Schema: public; Owner: debug
--

ALTER TABLE ONLY public.profiles_relationship
    ADD CONSTRAINT profiles_relationshi_receiver_id_4cf7ca92_fk_profiles_ FOREIGN KEY (receiver_id) REFERENCES public.profiles_profile(id) DEFERRABLE INITIALLY DEFERRED;


--
-- Name: profiles_relationship profiles_relationship_sender_id_a2ce5bf6_fk_profiles_profile_id; Type: FK CONSTRAINT; Schema: public; Owner: debug
--

ALTER TABLE ONLY public.profiles_relationship
    ADD CONSTRAINT profiles_relationship_sender_id_a2ce5bf6_fk_profiles_profile_id FOREIGN KEY (sender_id) REFERENCES public.profiles_profile(id) DEFERRABLE INITIALLY DEFERRED;


--
-- Name: socialaccount_socialtoken socialaccount_social_account_id_951f210e_fk_socialacc; Type: FK CONSTRAINT; Schema: public; Owner: debug
--

ALTER TABLE ONLY public.socialaccount_socialtoken
    ADD CONSTRAINT socialaccount_social_account_id_951f210e_fk_socialacc FOREIGN KEY (account_id) REFERENCES public.socialaccount_socialaccount(id) DEFERRABLE INITIALLY DEFERRED;


--
-- Name: socialaccount_socialtoken socialaccount_social_app_id_636a42d7_fk_socialacc; Type: FK CONSTRAINT; Schema: public; Owner: debug
--

ALTER TABLE ONLY public.socialaccount_socialtoken
    ADD CONSTRAINT socialaccount_social_app_id_636a42d7_fk_socialacc FOREIGN KEY (app_id) REFERENCES public.socialaccount_socialapp(id) DEFERRABLE INITIALLY DEFERRED;


--
-- Name: socialaccount_socialapp_sites socialaccount_social_site_id_2579dee5_fk_django_si; Type: FK CONSTRAINT; Schema: public; Owner: debug
--

ALTER TABLE ONLY public.socialaccount_socialapp_sites
    ADD CONSTRAINT socialaccount_social_site_id_2579dee5_fk_django_si FOREIGN KEY (site_id) REFERENCES public.django_site(id) DEFERRABLE INITIALLY DEFERRED;


--
-- Name: socialaccount_socialapp_sites socialaccount_social_socialapp_id_97fb6e7d_fk_socialacc; Type: FK CONSTRAINT; Schema: public; Owner: debug
--

ALTER TABLE ONLY public.socialaccount_socialapp_sites
    ADD CONSTRAINT socialaccount_social_socialapp_id_97fb6e7d_fk_socialacc FOREIGN KEY (socialapp_id) REFERENCES public.socialaccount_socialapp(id) DEFERRABLE INITIALLY DEFERRED;


--
-- Name: socialaccount_socialaccount socialaccount_socialaccount_user_id_8146e70c_fk_users_user_id; Type: FK CONSTRAINT; Schema: public; Owner: debug
--

ALTER TABLE ONLY public.socialaccount_socialaccount
    ADD CONSTRAINT socialaccount_socialaccount_user_id_8146e70c_fk_users_user_id FOREIGN KEY (user_id) REFERENCES public.users_user(id) DEFERRABLE INITIALLY DEFERRED;


--
-- Name: topics_comment topics_comment_topic_id_471a8553_fk_topics_topic_id; Type: FK CONSTRAINT; Schema: public; Owner: debug
--

ALTER TABLE ONLY public.topics_comment
    ADD CONSTRAINT topics_comment_topic_id_471a8553_fk_topics_topic_id FOREIGN KEY (topic_id) REFERENCES public.topics_topic(id) DEFERRABLE INITIALLY DEFERRED;


--
-- Name: topics_comment topics_comment_user_id_c2724e91_fk_profiles_profile_id; Type: FK CONSTRAINT; Schema: public; Owner: debug
--

ALTER TABLE ONLY public.topics_comment
    ADD CONSTRAINT topics_comment_user_id_c2724e91_fk_profiles_profile_id FOREIGN KEY (user_id) REFERENCES public.profiles_profile(id) DEFERRABLE INITIALLY DEFERRED;


--
-- Name: topics_customfield topics_customfield_parent_field_id_62a91eb0_fk_topics_field_id; Type: FK CONSTRAINT; Schema: public; Owner: debug
--

ALTER TABLE ONLY public.topics_customfield
    ADD CONSTRAINT topics_customfield_parent_field_id_62a91eb0_fk_topics_field_id FOREIGN KEY (parent_field_id) REFERENCES public.topics_field(id) DEFERRABLE INITIALLY DEFERRED;


--
-- Name: topics_joinrequest topics_joinrequest_topic_id_0fc9b1c8_fk_topics_topic_id; Type: FK CONSTRAINT; Schema: public; Owner: debug
--

ALTER TABLE ONLY public.topics_joinrequest
    ADD CONSTRAINT topics_joinrequest_topic_id_0fc9b1c8_fk_topics_topic_id FOREIGN KEY (topic_id) REFERENCES public.topics_topic(id) DEFERRABLE INITIALLY DEFERRED;


--
-- Name: topics_joinrequest topics_joinrequest_user_id_041cbf00_fk_profiles_profile_id; Type: FK CONSTRAINT; Schema: public; Owner: debug
--

ALTER TABLE ONLY public.topics_joinrequest
    ADD CONSTRAINT topics_joinrequest_user_id_041cbf00_fk_profiles_profile_id FOREIGN KEY (user_id) REFERENCES public.profiles_profile(id) DEFERRABLE INITIALLY DEFERRED;


--
-- Name: topics_like topics_like_topic_id_aa09ae90_fk_topics_topic_id; Type: FK CONSTRAINT; Schema: public; Owner: debug
--

ALTER TABLE ONLY public.topics_like
    ADD CONSTRAINT topics_like_topic_id_aa09ae90_fk_topics_topic_id FOREIGN KEY (topic_id) REFERENCES public.topics_topic(id) DEFERRABLE INITIALLY DEFERRED;


--
-- Name: topics_like topics_like_user_id_83d9a1b6_fk_profiles_profile_id; Type: FK CONSTRAINT; Schema: public; Owner: debug
--

ALTER TABLE ONLY public.topics_like
    ADD CONSTRAINT topics_like_user_id_83d9a1b6_fk_profiles_profile_id FOREIGN KEY (user_id) REFERENCES public.profiles_profile(id) DEFERRABLE INITIALLY DEFERRED;


--
-- Name: topics_subfield_parent_field topics_subfield_pare_field_id_608a37cb_fk_topics_fi; Type: FK CONSTRAINT; Schema: public; Owner: debug
--

ALTER TABLE ONLY public.topics_subfield_parent_field
    ADD CONSTRAINT topics_subfield_pare_field_id_608a37cb_fk_topics_fi FOREIGN KEY (field_id) REFERENCES public.topics_field(id) DEFERRABLE INITIALLY DEFERRED;


--
-- Name: topics_subfield_parent_field topics_subfield_pare_subfield_id_6d9549c2_fk_topics_su; Type: FK CONSTRAINT; Schema: public; Owner: debug
--

ALTER TABLE ONLY public.topics_subfield_parent_field
    ADD CONSTRAINT topics_subfield_pare_subfield_id_6d9549c2_fk_topics_su FOREIGN KEY (subfield_id) REFERENCES public.topics_subfield(id) DEFERRABLE INITIALLY DEFERRED;


--
-- Name: topics_topic topics_topic_field_id_1fc43cf6_fk_topics_field_id; Type: FK CONSTRAINT; Schema: public; Owner: debug
--

ALTER TABLE ONLY public.topics_topic
    ADD CONSTRAINT topics_topic_field_id_1fc43cf6_fk_topics_field_id FOREIGN KEY (field_id) REFERENCES public.topics_field(id) DEFERRABLE INITIALLY DEFERRED;


--
-- Name: topics_topic topics_topic_language_id_c47a60d0_fk_topics_lang_id; Type: FK CONSTRAINT; Schema: public; Owner: debug
--

ALTER TABLE ONLY public.topics_topic
    ADD CONSTRAINT topics_topic_language_id_c47a60d0_fk_topics_lang_id FOREIGN KEY (language_id) REFERENCES public.topics_lang(id) DEFERRABLE INITIALLY DEFERRED;


--
-- Name: topics_topic_liked topics_topic_liked_profile_id_8dcf3de0_fk_profiles_profile_id; Type: FK CONSTRAINT; Schema: public; Owner: debug
--

ALTER TABLE ONLY public.topics_topic_liked
    ADD CONSTRAINT topics_topic_liked_profile_id_8dcf3de0_fk_profiles_profile_id FOREIGN KEY (profile_id) REFERENCES public.profiles_profile(id) DEFERRABLE INITIALLY DEFERRED;


--
-- Name: topics_topic_liked topics_topic_liked_topic_id_329e7eb4_fk_topics_topic_id; Type: FK CONSTRAINT; Schema: public; Owner: debug
--

ALTER TABLE ONLY public.topics_topic_liked
    ADD CONSTRAINT topics_topic_liked_topic_id_329e7eb4_fk_topics_topic_id FOREIGN KEY (topic_id) REFERENCES public.topics_topic(id) DEFERRABLE INITIALLY DEFERRED;


--
-- Name: topics_topic topics_topic_location_country_id_e1be430e_fk_cities_li; Type: FK CONSTRAINT; Schema: public; Owner: debug
--

ALTER TABLE ONLY public.topics_topic
    ADD CONSTRAINT topics_topic_location_country_id_e1be430e_fk_cities_li FOREIGN KEY (location_country_id) REFERENCES public.cities_light_country(id) DEFERRABLE INITIALLY DEFERRED;


--
-- Name: topics_topic topics_topic_poster_id_699d0489_fk_profiles_profile_id; Type: FK CONSTRAINT; Schema: public; Owner: debug
--

ALTER TABLE ONLY public.topics_topic
    ADD CONSTRAINT topics_topic_poster_id_699d0489_fk_profiles_profile_id FOREIGN KEY (poster_id) REFERENCES public.profiles_profile(id) DEFERRABLE INITIALLY DEFERRED;


--
-- Name: topics_topic topics_topic_subfield_id_6cfc0075_fk_topics_subfield_id; Type: FK CONSTRAINT; Schema: public; Owner: debug
--

ALTER TABLE ONLY public.topics_topic
    ADD CONSTRAINT topics_topic_subfield_id_6cfc0075_fk_topics_subfield_id FOREIGN KEY (subfield_id) REFERENCES public.topics_subfield(id) DEFERRABLE INITIALLY DEFERRED;


--
-- Name: topics_topic topics_topic_time_zone_id_28381129_fk_topics_my; Type: FK CONSTRAINT; Schema: public; Owner: debug
--

ALTER TABLE ONLY public.topics_topic
    ADD CONSTRAINT topics_topic_time_zone_id_28381129_fk_topics_my FOREIGN KEY (time_zone_id) REFERENCES public.topics_mycustomtimezones(id) DEFERRABLE INITIALLY DEFERRED;


--
-- Name: users_user_groups users_user_groups_group_id_9afc8d0e_fk_auth_group_id; Type: FK CONSTRAINT; Schema: public; Owner: debug
--

ALTER TABLE ONLY public.users_user_groups
    ADD CONSTRAINT users_user_groups_group_id_9afc8d0e_fk_auth_group_id FOREIGN KEY (group_id) REFERENCES public.auth_group(id) DEFERRABLE INITIALLY DEFERRED;


--
-- Name: users_user_groups users_user_groups_user_id_5f6f5a90_fk_users_user_id; Type: FK CONSTRAINT; Schema: public; Owner: debug
--

ALTER TABLE ONLY public.users_user_groups
    ADD CONSTRAINT users_user_groups_user_id_5f6f5a90_fk_users_user_id FOREIGN KEY (user_id) REFERENCES public.users_user(id) DEFERRABLE INITIALLY DEFERRED;


--
-- Name: users_user_user_permissions users_user_user_perm_permission_id_0b93982e_fk_auth_perm; Type: FK CONSTRAINT; Schema: public; Owner: debug
--

ALTER TABLE ONLY public.users_user_user_permissions
    ADD CONSTRAINT users_user_user_perm_permission_id_0b93982e_fk_auth_perm FOREIGN KEY (permission_id) REFERENCES public.auth_permission(id) DEFERRABLE INITIALLY DEFERRED;


--
-- Name: users_user_user_permissions users_user_user_permissions_user_id_20aca447_fk_users_user_id; Type: FK CONSTRAINT; Schema: public; Owner: debug
--

ALTER TABLE ONLY public.users_user_user_permissions
    ADD CONSTRAINT users_user_user_permissions_user_id_20aca447_fk_users_user_id FOREIGN KEY (user_id) REFERENCES public.users_user(id) DEFERRABLE INITIALLY DEFERRED;


--
-- PostgreSQL database dump complete
--
